marca;modelo
Nokia;Nokia 100
Nokia;Nokia 101
Nokia;Nokia 103
Nokia;Nokia 105
Nokia;Nokia 105 Dual SIM
Nokia;Nokia 106
Nokia;Nokia 107 Dual SIM
Nokia;Nokia 108
Nokia;Nokia 108 Dual SIM
Nokia;Nokia 109
Nokia;Nokia 110
Nokia;Nokia 111
Nokia;Nokia 112
Nokia;Nokia 113
Nokia;Nokia 114
Nokia;Nokia 130
Nokia;Nokia 130 Dual SIM
Nokia;Nokia 207
Nokia;Nokia 208
Nokia;Nokia 208 Dual SIM
Nokia;Nokia 215
Nokia;Nokia 215 Dual SIM
Nokia;Nokia 220
Nokia;Nokia 220 Dual SIM
Nokia;Nokia 222
Nokia;Nokia 222 Dual SIM
Nokia;Nokia 225
Nokia;Nokia 225 Dual SIM
Nokia;Nokia 230
Nokia;Nokia 230 Dual SIM
Nokia;Nokia 301
Nokia;Nokia 301 Dual SIM
Nokia;Nokia 500
Nokia;Nokia 515
Nokia;Nokia 515 Dual SIM
Nokia;Nokia 600
Nokia;Nokia 603
Nokia;Nokia 610
Nokia;Nokia 700
Nokia;Nokia 701
Nokia;Nokia 770 Internet Tablet
Nokia;Nokia 800c
Nokia;Nokia 801T
Nokia;Nokia 808 Pure View
Nokia;Nokia 810
Nokia;Nokia 1011
Nokia;Nokia 1100
Nokia;Nokia 1101
Nokia;Nokia 1110
Nokia;Nokia 1110i
Nokia;Nokia 1112
Nokia;Nokia 1116
Nokia;Nokia 1200
Nokia;Nokia 1202
Nokia;Nokia 1208
Nokia;Nokia 1209
Nokia;Nokia 1280
Nokia;Nokia 1600
Nokia;Nokia 1610
Nokia;Nokia 1616
Nokia;Nokia 1650
Nokia;Nokia 1661
Nokia;Nokia 1662
Nokia;Nokia 1680
Nokia;Nokia 1800
Nokia;Nokia 2050
Nokia;Nokia 2100
Nokia;Nokia 2110
Nokia;Nokia 2140
Nokia;Nokia 2220 slide
Nokia;Nokia 2300
Nokia;Nokia 2310
Nokia;Nokia 2323 Classic
Nokia;Nokia 2330 Classic
Nokia;Nokia 2355
Nokia;Nokia 2365i
Nokia;Nokia 2600
Nokia;Nokia 2600 Classic
Nokia;Nokia 2610
Nokia;Nokia 2626
Nokia;Nokia 2630
Nokia;Nokia 2650
Nokia;Nokia 2652
Nokia;Nokia 2660
Nokia;Nokia 2680
Nokia;Nokia 2690
Nokia;Nokia 2700 Classic
Nokia;Nokia 2710
Nokia;Nokia 2720 fold
Nokia;Nokia 2730 classic
Nokia;Nokia 2760
Nokia;Nokia 2855
Nokia;Nokia 2865i
Nokia;Nokia 3100
Nokia;Nokia 3108
Nokia;Nokia 3109 Classic
Nokia;Nokia 3110
Nokia;Nokia 3110 Classic
Nokia;Nokia 3110 Evolve
Nokia;Nokia 3120
Nokia;Nokia 3120 Classic
Nokia;Nokia 3128
Nokia;Nokia 3200
Nokia;Nokia 3208 classic
Nokia;Nokia 3210
Nokia;Nokia 3220
Nokia;Nokia 3230
Nokia;Nokia 3250
Nokia;Nokia 3250 XM
Nokia;Nokia 3300
Nokia;Nokia 3310
Nokia;Nokia 3315
Nokia;Nokia 3330
Nokia;Nokia 3390
Nokia;Nokia 3410
Nokia;Nokia 3500 Classic
Nokia;Nokia 3510
Nokia;Nokia 3510i
Nokia;Nokia 3530
Nokia;Nokia 3555
Nokia;Nokia 3600
Nokia;Nokia 3600 Slide
Nokia;Nokia 3610
Nokia;Nokia 3610 Fold
Nokia;Nokia 3650
Nokia;Nokia 3660
Nokia;Nokia 3710 fold
Nokia;Nokia 3711
Nokia;Nokia 3720 classic
Nokia;Nokia 3810
Nokia;Nokia 5000
Nokia;Nokia 5030
Nokia;Nokia 5070
Nokia;Nokia 5100
Nokia;Nokia 5110
Nokia;Nokia 5130
Nokia;Nokia 5130 XM
Nokia;Nokia 5140
Nokia;Nokia 5140i
Nokia;Nokia 5146
Nokia;Nokia 5200
Nokia;Nokia 5210
Nokia;Nokia 5220
Nokia;Nokia 5228
Nokia;Nokia 5230
Nokia;Nokia 5230 Nuron
Nokia;Nokia 5235
Nokia;Nokia 5250
Nokia;Nokia 5300
Nokia;Nokia 5310
Nokia;Nokia 5320
Nokia;Nokia 5330
Nokia;Nokia 5330 Mobile TV
Nokia;Nokia 5500 sport
Nokia;Nokia 5500 Sport ME
Nokia;Nokia 5510
Nokia;Nokia 5530 XM
Nokia;Nokia 5610
Nokia;Nokia 5630 XM
Nokia;Nokia 5700 XM
Nokia;Nokia 5730
Nokia;Nokia 5800 NE
Nokia;Nokia 5800 XM
Nokia;Nokia 6010
Nokia;Nokia 6020
Nokia;Nokia 6021
Nokia;Nokia 6030
Nokia;Nokia 6060
Nokia;Nokia 6060i
Nokia;Nokia 6070
Nokia;Nokia 6080
Nokia;Nokia 6085
Nokia;Nokia 6086
Nokia;Nokia 6090
Nokia;Nokia 6100
Nokia;Nokia 6101
Nokia;Nokia 6102i
Nokia;Nokia 6103
Nokia;Nokia 6108
Nokia;Nokia 6110
Nokia;Nokia 6110 Navigator
Nokia;Nokia 6111
Nokia;Nokia 6120 Classic
Nokia;Nokia 6121 Classic
Nokia;Nokia 6122c
Nokia;Nokia 6124 Classic
Nokia;Nokia 6125
Nokia;Nokia 6126
Nokia;Nokia 6130
Nokia;Nokia 6131
Nokia;Nokia 6131 NFC
Nokia;Nokia 6133
Nokia;Nokia 6136
Nokia;Nokia 6150
Nokia;Nokia 6151
Nokia;Nokia 6170
Nokia;Nokia 6175i
Nokia;Nokia 6208c
Nokia;Nokia 6210
Nokia;Nokia 6210 Navigator
Nokia;Nokia 6212 Classic
Nokia;Nokia 6216 Classic
Nokia;Nokia 6220
Nokia;Nokia 6220 Classic
Nokia;Nokia 6230
Nokia;Nokia 6230i
Nokia;Nokia 6233
Nokia;Nokia 6234
Nokia;Nokia 6250
Nokia;Nokia 6260
Nokia;Nokia 6260 Slide
Nokia;Nokia 6263
Nokia;Nokia 6267
Nokia;Nokia 6270
Nokia;Nokia 6280
Nokia;Nokia 6282
Nokia;Nokia 6288
Nokia;Nokia 6290
Nokia;Nokia 6300
Nokia;Nokia 6300i
Nokia;Nokia 6301
Nokia;Nokia 6303 Classic
Nokia;Nokia 6303i classic
Nokia;Nokia 6310
Nokia;Nokia 6310i
Nokia;Nokia 6340i
Nokia;Nokia 6350
Nokia;Nokia 6500 Classic
Nokia;Nokia 6500 Slide
Nokia;Nokia 6510
Nokia;Nokia 6555
Nokia;Nokia 6600
Nokia;Nokia 6600 Fold
Nokia;Nokia 6600 Slide
Nokia;Nokia 6600i slide
Nokia;Nokia 6610
Nokia;Nokia 6610i
Nokia;Nokia 6620
Nokia;Nokia 6630
Nokia;Nokia 6650
Nokia;Nokia 6650 T-Mobile
Nokia;Nokia 6670
Nokia;Nokia 6680
Nokia;Nokia 6681
Nokia;Nokia 6682
Nokia;Nokia 6682RVI
Nokia;Nokia 6700 Classic
Nokia;Nokia 6700 classic Gold Edition
Nokia;Nokia 6700 slide
Nokia;Nokia 6708
Nokia;Nokia 6710 Navigator
Nokia;Nokia 6720 Classic
Nokia;Nokia 6730 classic
Nokia;Nokia 6750 Mural
Nokia;Nokia 6760 slide
Nokia;Nokia 6788
Nokia;Nokia 6788i
Nokia;Nokia 6790 Surge
Nokia;Nokia 6800
Nokia;Nokia 6810
Nokia;Nokia 6820
Nokia;Nokia 6822
Nokia;Nokia 7020
Nokia;Nokia 7070 Prism
Nokia;Nokia 7100 Supernova
Nokia;Nokia 7110
Nokia;Nokia 7200
Nokia;Nokia 7210
Nokia;Nokia 7210 Supernova
Nokia;Nokia 7230
Nokia;Nokia 7250
Nokia;Nokia 7250i
Nokia;Nokia 7260
Nokia;Nokia 7270
Nokia;Nokia 7280
Nokia;Nokia 7310 Supernova
Nokia;Nokia 7360
Nokia;Nokia 7370
Nokia;Nokia 7373
Nokia;Nokia 7373 SE
Nokia;Nokia 7380
Nokia;Nokia 7390
Nokia;Nokia 7500 Prism
Nokia;Nokia 7510 Supernova
Nokia;Nokia 7600
Nokia;Nokia 7610
Nokia;Nokia 7610 Supernova
Nokia;Nokia 7650
Nokia;Nokia 7700
Nokia;Nokia 7705 Twist
Nokia;Nokia 7710
Nokia;Nokia 7900 Crystal
Nokia;Nokia 7900 Prism
Nokia;Nokia 8110i
Nokia;Nokia 8208
Nokia;Nokia 8210
Nokia;Nokia 8250
Nokia;Nokia 8280
Nokia;Nokia 8310
Nokia;Nokia 8600 Luna
Nokia;Nokia 8800
Nokia;Nokia 8800 Arte
Nokia;Nokia 8800 Arte Sapphire
Nokia;Nokia 8800 Carbon
Nokia;Nokia 8800 Gold Arte
Nokia;Nokia 8800 Sirocco
Nokia;Nokia 8800 Sirocco G
Nokia;Nokia 8801
Nokia;Nokia 8810
Nokia;Nokia 8850
Nokia;Nokia 8890
Nokia;Nokia 8910
Nokia;Nokia 8910i
Nokia;Nokia 9000
Nokia;Nokia 9110
Nokia;Nokia 9110i
Nokia;Nokia 9210
Nokia;Nokia 9210i
Nokia;Nokia 9300
Nokia;Nokia 9300i
Nokia;Nokia 9500
Nokia;Nokia Asha 200
Nokia;Nokia Asha 201
Nokia;Nokia Asha 202
Nokia;Nokia Asha 203
Nokia;Nokia Asha 205
Nokia;Nokia Asha 205 Dual Sim
Nokia;Nokia Asha 206
Nokia;Nokia Asha 206 Dual Sim
Nokia;Nokia Asha 210
Nokia;Nokia Asha 210 Dual SIM
Nokia;Nokia Asha 230
Nokia;Nokia Asha 230 Dual SIM
Nokia;Nokia Asha 300
Nokia;Nokia Asha 302
Nokia;Nokia Asha 303
Nokia;Nokia Asha 305
Nokia;Nokia Asha 306
Nokia;Nokia Asha 308
Nokia;Nokia Asha 309
Nokia;Nokia Asha 310
Nokia;Nokia Asha 311
Nokia;Nokia Asha 500
Nokia;Nokia Asha 500 Dual SIM
Nokia;Nokia Asha 501
Nokia;Nokia Asha 501 Dual SIM
Nokia;Nokia Asha 502 Dual SIM
Nokia;Nokia Asha 503
Nokia;Nokia Asha 503 Dual SIM
Nokia;Nokia Astound
Nokia;Nokia C1-00
Nokia;Nokia C1-01
Nokia;Nokia C1-02
Nokia;Nokia C2-00
Nokia;Nokia C2-01
Nokia;Nokia C2-02
Nokia;Nokia C2-03
Nokia;Nokia C2-05
Nokia;Nokia C2-06
Nokia;Nokia C3
Nokia;Nokia C3-01
Nokia;Nokia C3-01 Gold Edition
Nokia;Nokia C3-01 RM-640
Nokia;Nokia C5
Nokia;Nokia C5 TD-SCDMA
Nokia;Nokia C5-00 5MP
Nokia;Nokia C5-03
Nokia;Nokia C5-04
Nokia;Nokia C5-05
Nokia;Nokia C5-06
Nokia;Nokia C6
Nokia;Nokia C6-01
Nokia;Nokia C7
Nokia;Nokia E5
Nokia;Nokia E6
Nokia;Nokia E7
Nokia;Nokia E50
Nokia;Nokia E51
Nokia;Nokia E52
Nokia;Nokia E55
Nokia;Nokia E60
Nokia;Nokia E61
Nokia;Nokia E61i
Nokia;Nokia E62
Nokia;Nokia E63
Nokia;Nokia E65
Nokia;Nokia E66
Nokia;Nokia E70
Nokia;Nokia E71
Nokia;Nokia E72
Nokia;Nokia E73 Mode
Nokia;Nokia E75
Nokia;Nokia E90
Nokia;Nokia Lumia 505
Nokia;Nokia Lumia 510
Nokia;Nokia Lumia 520
Nokia;Nokia Lumia 521
Nokia;Nokia Lumia 525
Nokia;Nokia Lumia 530
Nokia;Nokia Lumia 530 Dual SIM
Nokia;Nokia Lumia 610
Nokia;Nokia Lumia 610 NFC
Nokia;Nokia Lumia 620
Nokia;Nokia Lumia 625
Nokia;Nokia Lumia 630
Nokia;Nokia Lumia 630 Dual SIM
Nokia;Nokia Lumia 635
Nokia;Nokia Lumia 636 LTE
Nokia;Nokia Lumia 638 4G
Nokia;Nokia Lumia 710
Nokia;Nokia Lumia 710 T-Mobile
Nokia;Nokia Lumia 720
Nokia;Nokia Lumia 730 Dual SIM
Nokia;Nokia Lumia 735
Nokia;Nokia Lumia 800
Nokia;Nokia Lumia 810
Nokia;Nokia Lumia 820
Nokia;Nokia Lumia 822
Nokia;Nokia Lumia 830
Nokia;Nokia Lumia 830 Gold
Nokia;Nokia Lumia 900
Nokia;Nokia Lumia 920
Nokia;Nokia Lumia 920T
Nokia;Nokia Lumia 925
Nokia;Nokia Lumia 928
Nokia;Nokia Lumia 930
Nokia;Nokia Lumia 930 Gold
Nokia;Nokia Lumia 1020
Nokia;Nokia Lumia 1320
Nokia;Nokia Lumia 1520
Nokia;Nokia Lumia 2520
Nokia;Nokia Lumia Icon
Nokia;Nokia N-Gage
Nokia;Nokia N-Gage QD
Nokia;Nokia N1
Nokia;Nokia N8
Nokia;Nokia N9
Nokia;Nokia N9 64GB
Nokia;Nokia N70
Nokia;Nokia N70 ME
Nokia;Nokia N71
Nokia;Nokia N72
Nokia;Nokia N73
Nokia;Nokia N73 GE
Nokia;Nokia N73 ME
Nokia;Nokia N75
Nokia;Nokia N76
Nokia;Nokia N77
Nokia;Nokia N78
Nokia;Nokia N79
Nokia;Nokia N80
Nokia;Nokia N80 IE
Nokia;Nokia N81
Nokia;Nokia N81 8GB
Nokia;Nokia N82
Nokia;Nokia N85
Nokia;Nokia N86
Nokia;Nokia N90
Nokia;Nokia N91
Nokia;Nokia N91 ME
Nokia;Nokia N92
Nokia;Nokia N93
Nokia;Nokia N93i
Nokia;Nokia N95
Nokia;Nokia N95 8GB
Nokia;Nokia N96
Nokia;Nokia N97
Nokia;Nokia N97 mini
Nokia;Nokia N97 mini Gold Edition
Nokia;Nokia N900
Nokia;Nokia N950
Nokia;Nokia Oro
Nokia;Nokia T7
Nokia;Nokia X
Nokia;Nokia X+
Nokia;Nokia X1-00
Nokia;Nokia X1-01
Nokia;Nokia X2
Nokia;Nokia X2 Dual SIM
Nokia;Nokia X2-01
Nokia;Nokia X2-02
Nokia;Nokia X2-05
Nokia;Nokia X3
Nokia;Nokia X3-02
Nokia;Nokia X5 TD-SCDMA
Nokia;Nokia X5-01
Nokia;Nokia X6
Nokia;Nokia X6 8GB
Nokia;Nokia X6 16GB
Nokia;Nokia X7
Nokia;Nokia XL
Nokia;Nokia XL 4G
Motorola;Motorola 8700
Motorola;Motorola A008 Accompli
Motorola;Motorola A009 Accompli
Motorola;Motorola A45 Motocubo
Motorola;Motorola A388
Motorola;Motorola A630
Motorola;Motorola A668
Motorola;Motorola A728
Motorola;Motorola A732
Motorola;Motorola A760
Motorola;Motorola A768i
Motorola;Motorola A780
Motorola;Motorola A810
Motorola;Motorola A830
Motorola;Motorola A835
Motorola;Motorola A840
Motorola;Motorola A845
Motorola;Motorola A853
Motorola;Motorola A910
Motorola;Motorola A920
Motorola;Motorola A925
Motorola;Motorola A1000
Motorola;Motorola A1010
Motorola;Motorola A1200
Motorola;Motorola A1200e
Motorola;Motorola A1210
Motorola;Motorola A1260
Motorola;Motorola A1600
Motorola;Motorola A1680
Motorola;Motorola A1800
Motorola;Motorola A1890
Motorola;Motorola A3000 Motosurf
Motorola;Motorola A3100 Motosurf
Motorola;Motorola Admiral
Motorola;Motorola Atrix
Motorola;Motorola Atrix 2
Motorola;Motorola Atrix HD
Motorola;Motorola Atrix HD LTE
Motorola;Motorola Atrix TV XT682
Motorola;Motorola Aura
Motorola;Motorola Aura Celestial
Motorola;Motorola Aura Diamond Edition
Motorola;Motorola Backflip
Motorola;Motorola Barrage
Motorola;Motorola Bionic
Motorola;Motorola Bravo
Motorola;Motorola C113
Motorola;Motorola C113A
Motorola;Motorola C115
Motorola;Motorola C116
Motorola;Motorola C118
Motorola;Motorola C121
Motorola;Motorola C139
Motorola;Motorola C140
Motorola;Motorola C155
Motorola;Motorola C168
Motorola;Motorola C200
Motorola;Motorola C205
Motorola;Motorola C257
Motorola;Motorola C261
Motorola;Motorola C289
Motorola;Motorola C300
Motorola;Motorola C330
Motorola;Motorola C331
Motorola;Motorola C333
Motorola;Motorola C350
Motorola;Motorola C370
Motorola;Motorola C375
Motorola;Motorola C380
Motorola;Motorola C385
Motorola;Motorola C390
Motorola;Motorola C450
Motorola;Motorola C550
Motorola;Motorola C650
Motorola;Motorola C651
Motorola;Motorola C975
Motorola;Motorola C980
Motorola;Motorola CD160
Motorola;Motorola CD920
Motorola;Motorola CD930
Motorola;Motorola Charm
Motorola;Motorola CLIQ
Motorola;Motorola Cliq 2
Motorola;Motorola Cupe
Motorola;Motorola D520
Motorola;Motorola Defy
Motorola;Motorola Defy+
Motorola;Motorola Defy Mini
Motorola;Motorola Defy Pro
Motorola;Motorola Defy XT535
Motorola;Motorola Droid 2
Motorola;Motorola Droid 4
Motorola;Motorola Droid Maxx
Motorola;Motorola Droid Maxx 2
Motorola;Motorola Droid Mini
Motorola;Motorola Droid Pro
Motorola;Motorola Droid RAZR
Motorola;Motorola Droid RAZR HD
Motorola;Motorola Droid RAZR M
Motorola;Motorola Droid RAZR Maxx
Motorola;Motorola Droid RAZR Maxx HD
Motorola;Motorola Droid Turbo
Motorola;Motorola Droid Turbo 2
Motorola;Motorola Droid Ultra
Motorola;Motorola Droid XYBOARD 8.2
Motorola;Motorola Droid XYBOARD 10.1
Motorola;Motorola E11
Motorola;Motorola E365
Motorola;Motorola E375
Motorola;Motorola E378i
Motorola;Motorola E380
Motorola;Motorola E398
Motorola;Motorola E550
Motorola;Motorola E680
Motorola;Motorola E770v
Motorola;Motorola E895
Motorola;Motorola E1000
Motorola;Motorola E1060
Motorola;Motorola E1070
Motorola;Motorola E1120
Motorola;Motorola Electrify
Motorola;Motorola Electrify 2
Motorola;Motorola Electrify M
Motorola;Motorola EM35
Motorola;Motorola EM326g
Motorola;Motorola ES400
Motorola;Motorola EX108
Motorola;Motorola EX109
Motorola;Motorola EX112
Motorola;Motorola EX115
Motorola;Motorola EX124g
Motorola;Motorola EX128
Motorola;Motorola EX132
Motorola;Motorola EX200
Motorola;Motorola EX201
Motorola;Motorola EX232
Motorola;Motorola EX245 MOTOTV
Motorola;Motorola EX300
Motorola;Motorola Flipside
Motorola;Motorola FOMA M1000
Motorola;Motorola Gleam
Motorola;Motorola Gleam+
Motorola;Motorola Heron
Motorola;Motorola KRZR k1
Motorola;Motorola KRZR k3
Motorola;Motorola L2
Motorola;Motorola L6
Motorola;Motorola L800t
Motorola;Motorola Luge
Motorola;Motorola M900
Motorola;Motorola M3288
Motorola;Motorola M3588
Motorola;Motorola M3888
Motorola;Motorola MB511 FlipOut
Motorola;Motorola MB870
Motorola;Motorola MC35
Motorola;Motorola MC55
Motorola;Motorola MC70 Symbol
Motorola;Motorola MC75
Motorola;Motorola MC9500-K
Motorola;Motorola ME811
Motorola;Motorola Milestone
Motorola;Motorola Milestone 2
Motorola;Motorola Moto E
Motorola;Motorola Moto E 2nd Gen. Dual SIM XT1523
Motorola;Motorola Moto E 2nd Gen. XT1505
Motorola;Motorola Moto E 2nd Gen. XT1511
Motorola;Motorola Moto E 4G
Motorola;Motorola Moto E Dual SIM
Motorola;Motorola Motofone F3
Motorola;Motorola Moto G
Motorola;Motorola Moto G 2nd Gen
Motorola;Motorola Moto G 4G
Motorola;Motorola Moto G 2015
Motorola;Motorola Moto G Dual SIM
Motorola;Motorola Moto G Forte
Motorola;Motorola Moto G LTE
Motorola;Motorola MotoGo
Motorola;Motorola Motogo Flip
Motorola;Motorola Motogo TV
Motorola;Motorola Moto G Turbo
Motorola;Motorola Moto G XT1072
Motorola;Motorola MotoJewel
Motorola;Motorola Motokey 3-Chip
Motorola;Motorola Motokey Social
Motorola;Motorola Motokey XT
Motorola;Motorola Motoluxe
Motorola;Motorola Motoluxe XT389
Motorola;Motorola Moto Maxx
Motorola;Motorola MotoROI
Motorola;Motorola Motosmart Dual-SIM
Motorola;Motorola Motosmart Flip
Motorola;Motorola Motosmart Me
Motorola;Motorola Motosmart Mix XT550
Motorola;Motorola Motosmart Mix XT553
Motorola;Motorola MOTO W408g
Motorola;Motorola Moto X
Motorola;Motorola Moto X 2nd Gen
Motorola;Motorola Moto X Force
Motorola;Motorola Moto X Play
Motorola;Motorola Moto X Pro
Motorola;Motorola Moto X Style
Motorola;Motorola MPx
Motorola;Motorola MPx100
Motorola;Motorola MPx200
Motorola;Motorola MPx220
Motorola;Motorola MPx300
Motorola;Motorola MT620
Motorola;Motorola MT680
Motorola;Motorola MT710
Motorola;Motorola MT716
Motorola;Motorola MT720
Motorola;Motorola MT788
Motorola;Motorola MT810
Motorola;Motorola MT870
Motorola;Motorola MT917
Motorola;Motorola Nexus 6
Motorola;Motorola P7389i
Motorola;Motorola P7689
Motorola;Motorola PEBL U3
Motorola;Motorola PEBL U6
Motorola;Motorola Photon 4G
Motorola;Motorola Photon Q 4G LTE
Motorola;Motorola Pro+
Motorola;Motorola Q
Motorola;Motorola Q11
Motorola;Motorola QA1 Karma
Motorola;Motorola Q Global
Motorola;Motorola Q Q9
Motorola;Motorola Quantico
Motorola;Motorola Quench
Motorola;Motorola Quench XT3
Motorola;Motorola RAZR
Motorola;Motorola RAZR2 V8
Motorola;Motorola RAZR2 V8 LE
Motorola;Motorola RAZR2 V9
Motorola;Motorola RAZR2 V9 Ferrari
Motorola;Motorola RAZR2 V9x
Motorola;Motorola RAZR D1
Motorola;Motorola RAZR D1 Dual SIM
Motorola;Motorola RAZR D3
Motorola;Motorola RAZR D3 Dual SIM
Motorola;Motorola RAZR HD
Motorola;Motorola RAZR i
Motorola;Motorola RAZR M
Motorola;Motorola RAZR Maxx
Motorola;Motorola RAZR maxx V6
Motorola;Motorola RAZR maxx V6 FC
Motorola;Motorola RAZR V3
Motorola;Motorola RAZR V3 MIC
Motorola;Motorola RAZR V3 PINK
Motorola;Motorola RAZR V3c
Motorola;Motorola RAZR V3i
Motorola;Motorola RAZR V3x
Motorola;Motorola RAZR V3xx
Motorola;Motorola RAZR V Canada
Motorola;Motorola RAZR V MT887
Motorola;Motorola RAZR V XT889
Motorola;Motorola Red MotoSLVR
Motorola;Motorola RIZR Z3
Motorola;Motorola RIZR Z6c
Motorola;Motorola RIZR Z8
Motorola;Motorola RIZR Z8 Ferrari
Motorola;Motorola ROKR E1
Motorola;Motorola ROKR E2
Motorola;Motorola ROKR E6
Motorola;Motorola ROKR E7
Motorola;Motorola ROKR E8
Motorola;Motorola ROKR EM25
Motorola;Motorola ROKR EM30
Motorola;Motorola ROKR EM330
Motorola;Motorola ROKR U9
Motorola;Motorola ROKR W5
Motorola;Motorola ROKR W6
Motorola;Motorola ROKR Z6
Motorola;Motorola ROKR ZN50
Motorola;Motorola Sawgrass
Motorola;Motorola Shadow
Motorola;Motorola Sidekick Slide
Motorola;Motorola Sidekick Slide Scarlet
Motorola;Motorola SLVR L7
Motorola;Motorola SLVR L7e
Motorola;Motorola SLVR L9
Motorola;Motorola Spice
Motorola;Motorola Startac
Motorola;Motorola T180
Motorola;Motorola T190
Motorola;Motorola T191
Motorola;Motorola T192
Motorola;Motorola T205
Motorola;Motorola T250
Motorola;Motorola T260GPRS
Motorola;Motorola T280
Motorola;Motorola T280i
Motorola;Motorola T720
Motorola;Motorola T720i
Motorola;Motorola T722i
Motorola;Motorola T725
Motorola;Motorola T2288 Shark
Motorola;Motorola Talkabout 192
Motorola;Motorola TC55
Motorola;Motorola Theory
Motorola;Motorola Timeport 260
Motorola;Motorola Timeport L7089
Motorola;Motorola Timeport P7389
Motorola;Motorola Triumph
Motorola;Motorola V3x
Motorola;Motorola V6
Motorola;Motorola V8 SLVR
Motorola;Motorola V50
Motorola;Motorola V50L
Motorola;Motorola V51
Motorola;Motorola V60
Motorola;Motorola V60i
Motorola;Motorola V60t Color
Motorola;Motorola V66
Motorola;Motorola V66i
Motorola;Motorola V70
Motorola;Motorola V80
Motorola;Motorola V100
Motorola;Motorola V150
Motorola;Motorola V170
Motorola;Motorola V171
Motorola;Motorola V176
Motorola;Motorola V177
Motorola;Motorola V180
Motorola;Motorola V186
Motorola;Motorola V188
Motorola;Motorola V195
Motorola;Motorola V220
Motorola;Motorola V226
Motorola;Motorola V230
Motorola;Motorola V235
Motorola;Motorola V270
Motorola;Motorola V280
Motorola;Motorola V290
Motorola;Motorola V295
Motorola;Motorola V300
Motorola;Motorola V303
Motorola;Motorola V360
Motorola;Motorola V400
Motorola;Motorola V400p
Motorola;Motorola V500
Motorola;Motorola V501
Motorola;Motorola V525
Motorola;Motorola V535
Motorola;Motorola V545
Motorola;Motorola V547
Motorola;Motorola V550
Motorola;Motorola V551
Motorola;Motorola V555
Motorola;Motorola V557
Motorola;Motorola V560
Motorola;Motorola V600
Motorola;Motorola V620
Motorola;Motorola V635
Motorola;Motorola V690
Motorola;Motorola V750
Motorola;Motorola V872
Motorola;Motorola V878
Motorola;Motorola V975
Motorola;Motorola V980
Motorola;Motorola V1000
Motorola;Motorola V1050
Motorola;Motorola V1075
Motorola;Motorola V1100
Motorola;Motorola V1150
Motorola;Motorola V2288
Motorola;Motorola V3670
Motorola;Motorola V3688
Motorola;Motorola V3690
Motorola;Motorola VA76r Tundra
Motorola;Motorola VE66
Motorola;Motorola VE70 Cocktail
Motorola;Motorola VE75
Motorola;Motorola VE538
Motorola;Motorola W7
Motorola;Motorola W156
Motorola;Motorola W160
Motorola;Motorola W161
Motorola;Motorola W175
Motorola;Motorola W180
Motorola;Motorola W181
Motorola;Motorola W200
Motorola;Motorola W205
Motorola;Motorola W206
Motorola;Motorola W208
Motorola;Motorola W209
Motorola;Motorola W213
Motorola;Motorola W215
Motorola;Motorola W218
Motorola;Motorola W220
Motorola;Motorola W230
Motorola;Motorola W231
Motorola;Motorola W233 Renew
Motorola;Motorola W260g
Motorola;Motorola W265
Motorola;Motorola W270
Motorola;Motorola W360
Motorola;Motorola W370
Motorola;Motorola W375
Motorola;Motorola W376g
Motorola;Motorola W377
Motorola;Motorola W380
Motorola;Motorola W388
Motorola;Motorola W395
Motorola;Motorola W396
Motorola;Motorola W403
Motorola;Motorola W409g
Motorola;Motorola W450
Motorola;Motorola W490
Motorola;Motorola W510
Motorola;Motorola W760r
Motorola;Motorola Wilder
Motorola;Motorola WX160
Motorola;Motorola WX161
Motorola;Motorola WX180
Motorola;Motorola WX181
Motorola;Motorola WX260
Motorola;Motorola WX265
Motorola;Motorola WX280
Motorola;Motorola WX288
Motorola;Motorola WX290
Motorola;Motorola WX294
Motorola;Motorola WX295
Motorola;Motorola WX306
Motorola;Motorola WX390
Motorola;Motorola WX395
Motorola;Motorola Xoom
Motorola;Motorola Xoom 2
Motorola;Motorola Xoom 2 Media Edition
Motorola;Motorola Xoom Wi-Fi
Motorola;Motorola XPRT
Motorola;Motorola XT311 DominoQ
Motorola;Motorola XT316
Motorola;Motorola XT321
Motorola;Motorola XT390
Motorola;Motorola XT531
Motorola;Motorola XT532
Motorola;Motorola XT615
Motorola;Motorola XT685
Motorola;Motorola XT701
Motorola;Motorola XT720 Milestone
Motorola;Motorola XT760
Motorola;Motorola XT788
Motorola;Motorola XT800
Motorola;Motorola XT800W
Motorola;Motorola XT806
Motorola;Motorola XT862
Motorola;Motorola XT882
Motorola;Motorola XT883 Milestone
Motorola;Motorola XT885
Motorola;Motorola XT928
Motorola;Motorola Z6w
Motorola;Motorola Z9
Motorola;Motorola Z10
Motorola;Motorola ZN5
Motorola;Motorola ZN200
Motorola;Motorola ZN300
Samsung;Samsung Ace La Fleur
Samsung;Samsung AMOLED Beam
Samsung;Samsung Array
Samsung;Samsung ATIV Odyssey
Samsung;Samsung ATIV S
Samsung;Samsung ATIV SE
Samsung;Samsung ATIV S Neo
Samsung;Samsung ATIV Tab
Samsung;Samsung Aviator
Samsung;Samsung Beyonce
Samsung;Samsung Blackjack
Samsung;Samsung Blackjack II
Samsung;Samsung Brightside
Samsung;Samsung Captivate Glide
Samsung;Samsung Ch@t 222
Samsung;Samsung Ch@t 222 Dual SIM
Samsung;Samsung Ch@t 322
Samsung;Samsung Ch@t 322 Wi-Fi
Samsung;Samsung Ch@t 350
Samsung;Samsung Ch@t 357
Samsung;Samsung Ch@t 357 Duos
Samsung;Samsung Champ Duos
Samsung;Samsung Champ Neo Duos
Samsung;Samsung Character
Samsung;Samsung Continuum
Samsung;Samsung Contour
Samsung;Samsung Dart
Samsung;Samsung DoubleTime
Samsung;Samsung Duoz
Samsung;Samsung E1232B
Samsung;Samsung Emporio Armani
Samsung;Samsung Entro
Samsung;Samsung Epic 4G
Samsung;Samsung Epic 4G Touch
Samsung;Samsung Exhibit 4G
Samsung;Samsung Exhibit II 4G
Samsung;Samsung Exhilarate
Samsung;Samsung Factor
Samsung;Samsung Focus
Samsung;Samsung Focus 2
Samsung;Samsung Focus Flash
Samsung;Samsung Focus S
Samsung;Samsung Freeform III
Samsung;Samsung Galaxy A3 2016
Samsung;Samsung Galaxy A3 HSPA
Samsung;Samsung Galaxy A3 SM-A300G
Samsung;Samsung Galaxy A3 SM-A3009
Samsung;Samsung Galaxy A5
Samsung;Samsung Galaxy A5 2016
Samsung;Samsung Galaxy A5 Duos
Samsung;Samsung Galaxy A5 HSPA
Samsung;Samsung Galaxy A7
Samsung;Samsung Galaxy A7 2016
Samsung;Samsung Galaxy A7 HSPA
Samsung;Samsung Galaxy A7 LTE
Samsung;Samsung Galaxy A7 LTE Dual SIM
Samsung;Samsung Galaxy A8
Samsung;Samsung Galaxy A8 au KDDI
Samsung;Samsung Galaxy A8 SM-A800S
Samsung;Samsung Galaxy Ace 2
Samsung;Samsung Galaxy Ace 2 La Fleur
Samsung;Samsung Galaxy Ace 3
Samsung;Samsung Galaxy Ace 3 Duos
Samsung;Samsung Galaxy Ace 3 I679
Samsung;Samsung Galaxy Ace 3 LTE
Samsung;Samsung Galaxy Ace 3 S7272C
Samsung;Samsung Galaxy Ace 3 S7278
Samsung;Samsung Galaxy Ace 3 S7278U
Samsung;Samsung Galaxy Ace 4
Samsung;Samsung Galaxy Ace 4 3G
Samsung;Samsung Galaxy Ace Dear I619
Samsung;Samsung Galaxy Ace Duos
Samsung;Samsung Galaxy Ace Duos La Fleur
Samsung;Samsung Galaxy Ace Duos S6352
Samsung;Samsung Galaxy Ace Hugo Boss
Samsung;Samsung Galaxy Ace NXT
Samsung;Samsung Galaxy Ace Plus
Samsung;Samsung Galaxy Ace Plus I659
Samsung;Samsung Galaxy Ace S5831i
Samsung;Samsung Galaxy Ace Style
Samsung;Samsung Galaxy Active Neo SC-01H
Samsung;Samsung Galaxy Alpha
Samsung;Samsung Galaxy Appeal
Samsung;Samsung Galaxy Attain 4G
Samsung;Samsung Galaxy Avant
Samsung;Samsung Galaxy Beam
Samsung;Samsung Galaxy Beam 2
Samsung;Samsung Galaxy Core
Samsung;Samsung Galaxy Core 2
Samsung;Samsung Galaxy Core 2 Duos
Samsung;Samsung Galaxy Core 2 G3556D
Samsung;Samsung Galaxy Core 2 G3558
Samsung;Samsung Galaxy Core 2 G3559
Samsung;Samsung Galaxy Core 4G
Samsung;Samsung Galaxy Core Advance
Samsung;Samsung Galaxy Core Advance I8580
Samsung;Samsung Galaxy Core Dual SIM
Samsung;Samsung Galaxy Core Lite 4G G3588V
Samsung;Samsung Galaxy Core Lite G3586V
Samsung;Samsung Galaxy Core LTE
Samsung;Samsung Galaxy Core Max
Samsung;Samsung Galaxy Core mini 4G
Samsung;Samsung Galaxy Core Plus
Samsung;Samsung Galaxy Core Prime
Samsung;Samsung Galaxy Core Prime 4G
Samsung;Samsung Galaxy Core Prime Duos
Samsung;Samsung Galaxy Core Prime VE
Samsung;Samsung Galaxy Core Prime VE LTE
Samsung;Samsung Galaxy Discover
Samsung;Samsung Galaxy E5
Samsung;Samsung Galaxy E5 Duos
Samsung;Samsung Galaxy E5 Duos 3G
Samsung;Samsung Galaxy E5 LTE
Samsung;Samsung Galaxy E7 3G
Samsung;Samsung Galaxy E7 Duos
Samsung;Samsung Galaxy E7 Duos 3G
Samsung;Samsung Galaxy E7 LTE
Samsung;Samsung Galaxy Exhibit
Samsung;Samsung Galaxy Express
Samsung;Samsung Galaxy Express 2
Samsung;Samsung Galaxy Fame
Samsung;Samsung Galaxy Fame Duos
Samsung;Samsung Galaxy Fame I629
Samsung;Samsung Galaxy Fame Lite
Samsung;Samsung Galaxy Fame Lite Duos
Samsung;Samsung Galaxy Fame S6812C
Samsung;Samsung Galaxy Fame S6818
Samsung;Samsung Galaxy Folder
Samsung;Samsung Galaxy Folder 3G
Samsung;Samsung Galaxy Golden
Samsung;Samsung Galaxy Grand
Samsung;Samsung Galaxy Grand 2
Samsung;Samsung Galaxy Grand 2 4G G7108V
Samsung;Samsung Galaxy Grand 2 G7106
Samsung;Samsung Galaxy Grand 2 G7108
Samsung;Samsung Galaxy Grand 2 G7109
Samsung;Samsung Galaxy Grand 2 LTE
Samsung;Samsung Galaxy Grand Duos
Samsung;Samsung Galaxy Grand I9118
Samsung;Samsung Galaxy Grand I9128
Samsung;Samsung Galaxy Grand I9128E
Samsung;Samsung Galaxy Grand I9128I
Samsung;Samsung Galaxy Grand Max LTE
Samsung;Samsung Galaxy Grand Neo
Samsung;Samsung Galaxy Grand Neo+ I879E
Samsung;Samsung Galaxy Grand Neo+ I9082C
Samsung;Samsung Galaxy Grand Neo+ I9168
Samsung;Samsung Galaxy Grand Neo+ I9168I
Samsung;Samsung Galaxy Grand Neo Duos TV
Samsung;Samsung Galaxy Grand Neo Plus
Samsung;Samsung Galaxy Grand Prime
Samsung;Samsung Galaxy Grand Prime SM-G530H
Samsung;Samsung Galaxy Grand Prime SM-G531F
Samsung;Samsung Galaxy II Skyrocket
Samsung;Samsung Galaxy J1 Ace 3G
Samsung;Samsung Galaxy J1 Ace 3G Duos
Samsung;Samsung Galaxy J1 Ace 4G
Samsung;Samsung Galaxy J1 Ace 4G Duos
Samsung;Samsung Galaxy J1 Duos
Samsung;Samsung Galaxy J1 Duos LTE
Samsung;Samsung Galaxy J2
Samsung;Samsung Galaxy J2 3G
Samsung;Samsung Galaxy J2 3G Duos
Samsung;Samsung Galaxy J2 Duos
Samsung;Samsung Galaxy J3 SM-3109
Samsung;Samsung Galaxy J5 SM-J500F
Samsung;Samsung Galaxy J5 SM-J500FN
Samsung;Samsung Galaxy J5 SM-J500M
Samsung;Samsung Galaxy J5 SM-J5008
Samsung;Samsung Galaxy J7 SM-J700F
Samsung;Samsung Galaxy J7 SM-J7008
Samsung;Samsung Galaxy J SC-02F
Samsung;Samsung Galaxy J SGH-N075T
Samsung;Samsung Galaxy K Zoom
Samsung;Samsung Galaxy K Zoom C1116
Samsung;Samsung Galaxy K Zoom C1158
Samsung;Samsung Galaxy K Zoom LTE
Samsung;Samsung Galaxy Mega 2
Samsung;Samsung Galaxy Mega 5.8
Samsung;Samsung Galaxy Mega 5.8 i9150
Samsung;Samsung Galaxy Mega 6.3
Samsung;Samsung Galaxy Mega I9208
Samsung;Samsung Galaxy Mega P729
Samsung;Samsung Galaxy Mega Plus i9152P
Samsung;Samsung Galaxy Mega Plus I9158P
Samsung;Samsung Galaxy Mega Plus P709E
Samsung;Samsung Galaxy mini 2
Samsung;Samsung Galaxy Music
Samsung;Samsung Galaxy Music Duos
Samsung;Samsung Galaxy Neo
Samsung;Samsung Galaxy Nexus
Samsung;Samsung Galaxy Nexus Telus
Samsung;Samsung Galaxy Note
Samsung;Samsung Galaxy Note 3
Samsung;Samsung GALAXY Note3 4G N9008S
Samsung;Samsung Galaxy Note 3 4G N9008V
Samsung;Samsung Galaxy Note 3 Duos
Samsung;Samsung Galaxy Note3 Lite 4G
Samsung;Samsung Galaxy Note3 Lite 4G N7509V
Samsung;Samsung Galaxy Note 3 LTE
Samsung;Samsung Galaxy Note3 N9002
Samsung;Samsung GALAXY Note 3 N9006
Samsung;Samsung Galaxy Note3 N9009
Samsung;Samsung Galaxy Note 3 Neo
Samsung;Samsung Galaxy Note 3 Neo Duos
Samsung;Samsung Galaxy Note 3 Neo LTE
Samsung;Samsung Galaxy Note 3 Neo LTE+
Samsung;Samsung Galaxy Note 3 Neo LTE-A
Samsung;Samsung Galaxy Note 3 Neo TD-LTE
Samsung;Samsung Galaxy Note 4
Samsung;Samsung Galaxy Note 4 Duos
Samsung;Samsung Galaxy Note 4 SM-N910F
Samsung;Samsung Galaxy Note5
Samsung;Samsung Galaxy Note5 Verizon
Samsung;Samsung Galaxy Note 8.0 N5100
Samsung;Samsung Galaxy Note 8.0 N5110
Samsung;Samsung Galaxy Note 10.1 2014
Samsung;Samsung Galaxy Note 10.1 2014 LTE
Samsung;Samsung Galaxy Note 10.1 2014 WiFi
Samsung;Samsung Galaxy Note 10.1 N8000
Samsung;Samsung Galaxy Note 10.1 N8010
Samsung;Samsung Galaxy Note Edge
Samsung;Samsung Galaxy Note Edge SCL24
Samsung;Samsung GALAXY Note I889
Samsung;Samsung Galaxy Note I9228
Samsung;Samsung Galaxy Note II
Samsung;Samsung Galaxy Note II 4G
Samsung;Samsung Galaxy Note II AT&T;
Samsung;Samsung Galaxy Note II Dual SIM
Samsung;Samsung Galaxy Note II LTE
Samsung;Samsung Galaxy Note II N719
Samsung;Samsung Galaxy Note II N7108
Samsung;Samsung Galaxy Note SC-05D
Samsung;Samsung Galaxy Note SGH-i717
Samsung;Samsung Galaxy On5
Samsung;Samsung Galaxy On7
Samsung;Samsung Galaxy On7 SM-G6000
Samsung;Samsung Galaxy Pocket
Samsung;Samsung Galaxy Pocket 2
Samsung;Samsung Galaxy Pocket 2 Duos
Samsung;Samsung Galaxy Pocket Duos
Samsung;Samsung Galaxy Pocket Neo
Samsung;Samsung Galaxy Pocket Neo Duos
Samsung;Samsung Galaxy Pocket Plus
Samsung;Samsung Galaxy Pop i559
Samsung;Samsung Galaxy Pop SHV-E220
Samsung;Samsung Galaxy Precedent
Samsung;Samsung Galaxy Premier i9260
Samsung;Samsung Galaxy Premier I9268
Samsung;Samsung Galaxy Prevail
Samsung;Samsung Galaxy Prevail 2
Samsung;Samsung Galaxy Pro
Samsung;Samsung Galaxy Proclaim
Samsung;Samsung Galaxy Q
Samsung;Samsung Galaxy Reverb
Samsung;Samsung Galaxy Round
Samsung;Samsung Galaxy R Style
Samsung;Samsung Galaxy Rugby Pro
Samsung;Samsung Galaxy Rush
Samsung;Samsung Galaxy S3 Slim
Samsung;Samsung Galaxy S4 4G
Samsung;Samsung Galaxy S4 4G I9507V
Samsung;Samsung Galaxy S4 Active
Samsung;Samsung Galaxy S4 AT&T;
Samsung;Samsung Galaxy S4 Cricket
Samsung;Samsung Galaxy S4 C Spire
Samsung;Samsung Galaxy S4 Google Play
Samsung;Samsung Galaxy S4 I959
Samsung;Samsung Galaxy S4 I9508
Samsung;Samsung Galaxy S4 LTE+
Samsung;Samsung Galaxy S4 LTE-A
Samsung;Samsung Galaxy S4 mini
Samsung;Samsung Galaxy S4 mini AT&T;
Samsung;Samsung Galaxy S4 mini GT-I9195I
Samsung;Samsung Galaxy S4 mini LTE
Samsung;Samsung Galaxy S4 Sprint
Samsung;Samsung Galaxy S4 T-Mobile
Samsung;Samsung Galaxy S4 U.S. Cellular
Samsung;Samsung Galaxy S4 VE
Samsung;Samsung Galaxy S4 Verizon
Samsung;Samsung Galaxy S4 Zoom
Samsung;Samsung Galaxy S5
Samsung;Samsung Galaxy S5 4G+
Samsung;Samsung Galaxy S5 4G G9008W
Samsung;Samsung Galaxy S5 Active
Samsung;Samsung Galaxy S5 Active SC-02G
Samsung;Samsung Galaxy S5 Duos
Samsung;Samsung Galaxy S5 Duos LTE
Samsung;Samsung Galaxy S5 G900K
Samsung;Samsung Galaxy S5 G900L
Samsung;Samsung Galaxy S5 G900S
Samsung;Samsung Galaxy S5 G9006V
Samsung;Samsung Galaxy S5 G9008V
Samsung;Samsung Galaxy S5 GPE
Samsung;Samsung Galaxy S5 LTE-A
Samsung;Samsung Galaxy S5 LTE-A G906K
Samsung;Samsung Galaxy S5 LTE-A G906L
Samsung;Samsung Galaxy S5 mini
Samsung;Samsung Galaxy S5 mini duos
Samsung;Samsung Galaxy S5 Neo G903F
Samsung;Samsung Galaxy S5 Plus
Samsung;Samsung Galaxy S5 SC-04F
Samsung;Samsung Galaxy S5 Sport
Samsung;Samsung Galaxy S6
Samsung;Samsung Galaxy S6 Active
Samsung;Samsung Galaxy S6 Dual SIM
Samsung;Samsung Galaxy S6 Edge
Samsung;Samsung Galaxy S6 Edge+
Samsung;Samsung Galaxy S6 Edge+ Verizon
Samsung;Samsung Galaxy S6 Edge Avengers
Samsung;Samsung Galaxy S6 Edge SC-04G
Samsung;Samsung Galaxy S6 Edge SCV31
Samsung;Samsung Galaxy S6 SC-05G
Samsung;Samsung Galaxy S6 Sprint
Samsung;Samsung Galaxy S Advance
Samsung;Samsung Galaxy S Blaze 4G
Samsung;Samsung Galaxy S Duos La Fleur
Samsung;Samsung Galaxy S Glide
Samsung;Samsung Galaxy S II
Samsung;Samsung Galaxy S II AT&T;
Samsung;Samsung Galaxy S II Duos
Samsung;Samsung Galaxy S II HD LTE
Samsung;Samsung Galaxy S III
Samsung;Samsung Galaxy S III Duos I939D
Samsung;Samsung Galaxy S III GT-i9305
Samsung;Samsung Galaxy SIII I939
Samsung;Samsung Galaxy S III La Fleur
Samsung;Samsung Galaxy S III mini
Samsung;Samsung Galaxy S III mini La Fleur
Samsung;Samsung Galaxy S III mini VE
Samsung;Samsung Galaxy S III Neo+
Samsung;Samsung Galaxy S III Neo+ I939I
Samsung;Samsung Galaxy S III Neo+ I9308I
Samsung;Samsung Galaxy S III SC-06D
Samsung;Samsung Galaxy S II LTE
Samsung;Samsung Galaxy S II Plus
Samsung;Samsung Galaxy S II Skyrocket HD
Samsung;Samsung Galaxy S II T-Mobile
Samsung;Samsung Galaxy S II TV
Samsung;Samsung Galaxy S II WiMAX ISW11SC
Samsung;Samsung Galaxy S IV
Samsung;Samsung Galaxy S IV duos
Samsung;Samsung Galaxy S IV i9505
Samsung;Samsung Galaxy S Lightray
Samsung;Samsung Galaxy S Relay 4G
Samsung;Samsung Galaxy Star 2 Duos
Samsung;Samsung Galaxy Star 2 Plus
Samsung;Samsung Galaxy Star Duos
Samsung;Samsung Galaxy Star S5280
Samsung;Samsung Galaxy Star Trios
Samsung;Samsung Galaxy Tab
Samsung;Samsung Galaxy Tab 2
Samsung;Samsung Galaxy Tab 2 10.1
Samsung;Samsung Galaxy Tab 2 WiFi
Samsung;Samsung Galaxy Tab 3
Samsung;Samsung Galaxy Tab 3 8-inch
Samsung;Samsung Galaxy Tab 3 8-inch LTE
Samsung;Samsung Galaxy Tab 3 8-inch WiFi
Samsung;Samsung Galaxy Tab 3 10.1-inch
Samsung;Samsung Galaxy Tab 3 10.1-inch 3G
Samsung;Samsung Galaxy Tab 3 10.1-inch WiFi
Samsung;Samsung Galaxy Tab 3 Kids
Samsung;Samsung Galaxy Tab 3 Lite
Samsung;Samsung Galaxy Tab 3 Lite WiFi
Samsung;Samsung Galaxy Tab 3 V
Samsung;Samsung Galaxy Tab 3 WiFi
Samsung;Samsung Galaxy Tab4 7.0
Samsung;Samsung Galaxy Tab4 7.0 LTE
Samsung;Samsung Galaxy Tab4 7.0 WiFi
Samsung;Samsung Galaxy Tab4 8.0
Samsung;Samsung Galaxy Tab4 8.0 LTE
Samsung;Samsung Galaxy Tab4 8.0 WiFi
Samsung;Samsung Galaxy Tab4 10.1
Samsung;Samsung Galaxy Tab4 10.1 LTE
Samsung;Samsung Galaxy Tab4 10.1 WiFi
Samsung;Samsung Galaxy Tab 7.0 Plus
Samsung;Samsung Galaxy Tab 7.0N Plus
Samsung;Samsung Galaxy Tab 7.7
Samsung;Samsung Galaxy Tab 8.9 LTE
Samsung;Samsung Galaxy Tab 10.1
Samsung;Samsung Galaxy Tab 10.1N
Samsung;Samsung Galaxy Tab A & S Pen
Samsung;Samsung Galaxy Tab A 8.0
Samsung;Samsung Galaxy Tab A 9.7
Samsung;Samsung Galaxy Tab A 9.7 WiFi
Samsung;Samsung Galaxy Tab Active
Samsung;Samsung Galaxy Tab Active WiFi
Samsung;Samsung Galaxy Tab E 8.0
Samsung;Samsung Galaxy Tab E 9.6 3G
Samsung;Samsung Galaxy Tab E 9.6 WiFi
Samsung;Samsung Galaxy TabPro 8.4
Samsung;Samsung Galaxy TabPro 8.4 WiFi
Samsung;Samsung Galaxy TabPro 10.1
Samsung;Samsung Galaxy TabPro 10.1 LTE
Samsung;Samsung Galaxy TabQ T2556
Samsung;Samsung Galaxy TabQ T2558
Samsung;Samsung Galaxy Tab S2 8.0 LTE
Samsung;Samsung Galaxy Tab S2 8.0 WiFi
Samsung;Samsung Galaxy Tab S2 9.7 LTE
Samsung;Samsung Galaxy Tab S2 9.7 WiFi
Samsung;Samsung Galaxy Tab S 8.4
Samsung;Samsung Galaxy Tab S 8.4 WiFi
Samsung;Samsung Galaxy Tab S 10.5
Samsung;Samsung Galaxy Tab S 10.5 WiFi
Samsung;Samsung Galaxy Tab Wi-Fi
Samsung;Samsung Galaxy Trend 2 Lite
Samsung;Samsung Galaxy Trend 2 Lite Duos
Samsung;Samsung Galaxy Trend 3
Samsung;Samsung Galaxy Trend 3 G3502C
Samsung;Samsung Galaxy Trend 3 G3502I
Samsung;Samsung Galaxy Trend 3 G3508I
Samsung;Samsung Galaxy Trend 3 G3508J
Samsung;Samsung Galaxy Trend 3 G3509I
Samsung;Samsung Galaxy Trend Duos II
Samsung;Samsung Galaxy Trend Duos S7562C
Samsung;Samsung Galaxy Trend Duos S7562I
Samsung;Samsung Galaxy Trend i699i
Samsung;Samsung Galaxy Trend II
Samsung;Samsung Galaxy Trend II S7898I
Samsung;Samsung Galaxy Trend S7568
Samsung;Samsung Galaxy Trend S7568I
Samsung;Samsung Galaxy V
Samsung;Samsung Galaxy V Duos
Samsung;Samsung Galaxy View WiFi
Samsung;Samsung Galaxy V Plus
Samsung;Samsung Galaxy W
Samsung;Samsung Galaxy Win
Samsung;Samsung Galaxy Win 2 Duos TV
Samsung;Samsung Galaxy Win i8552
Samsung;Samsung Galaxy Win Pro G3812
Samsung;Samsung Galaxy Win Pro G3818
Samsung;Samsung Galaxy Win Pro G3819D
Samsung;Samsung Galaxy Xcover 2
Samsung;Samsung Galaxy Xcover 3
Samsung;Samsung Galaxy Y Duos
Samsung;Samsung Galaxy Y Hello Kitty
Samsung;Samsung Galaxy Young
Samsung;Samsung Galaxy Young 2 Duos
Samsung;Samsung Galaxy Young Duos
Samsung;Samsung Galaxy Y Plus
Samsung;Samsung Galaxy Y Pro Duos
Samsung;Samsung Galaxy Y TV
Samsung;Samsung Gear S
Samsung;Samsung Gear S2
Samsung;Samsung Gem
Samsung;Samsung Google Nexus 10
Samsung;Samsung Gravity Q
Samsung;Samsung Gravity Smart
Samsung;Samsung GT-B2100
Samsung;Samsung GT-B2700
Samsung;Samsung GT-B2710
Samsung;Samsung GT-B3210 CorbyTXT
Samsung;Samsung GT-B3310
Samsung;Samsung GT-B3410
Samsung;Samsung GT-B3410W Ch@t
Samsung;Samsung GT-B5310 CorbyPRO
Samsung;Samsung GT-B5330 Galaxy Chat
Samsung;Samsung GT-B5510 Galaxy Y Pro
Samsung;Samsung GT-B5702
Samsung;Samsung GT-B5722
Samsung;Samsung GT-B6520 Omnia Pro 5
Samsung;Samsung GT-B7300 Omnia LITE
Samsung;Samsung GT-B7320 Omnia PRO
Samsung;Samsung GT-B7330 OmniaPro
Samsung;Samsung GT-B7350 Omnia Pro 4
Samsung;Samsung GT-B7610 Omnia PRO
Samsung;Samsung GT-B7620 Giorgio Armani
Samsung;Samsung GT-B7722
Samsung;Samsung GT-B7800 Galaxy M Pro
Samsung;Samsung GT-B9062
Samsung;Samsung GT-C3010
Samsung;Samsung GT-C3011
Samsung;Samsung GT-C3050
Samsung;Samsung GT-C3060
Samsung;Samsung GT-C3110
Samsung;Samsung GT-C3200 Monte Bar
Samsung;Samsung GT-C3212 Duos
Samsung;Samsung GT-C3222
Samsung;Samsung GT-C3300 Champ
Samsung;Samsung GT-C3300 Hello Kitty
Samsung;Samsung GT-C3310 Champ Deluxe
Samsung;Samsung GT-C3312
Samsung;Samsung GT-C3322
Samsung;Samsung GT-C3322 La Fleur
Samsung;Samsung GT-C3330 Champ 2
Samsung;Samsung GT-C3350
Samsung;Samsung GT-C3510 Corby POP
Samsung;Samsung GT-C3520
Samsung;Samsung GT-C3520 La Fleur
Samsung;Samsung GT-C3530
Samsung;Samsung GT-C3560
Samsung;Samsung GT-C3590
Samsung;Samsung GT-C3592
Samsung;Samsung GT-C3595
Samsung;Samsung GT-C3750
Samsung;Samsung GT-C3752
Samsung;Samsung GT-C3780
Samsung;Samsung GT-C3782 Evan
Samsung;Samsung GT-C5010
Samsung;Samsung GT-C5130
Samsung;Samsung GT-C5212
Samsung;Samsung GT-C5220
Samsung;Samsung GT-C5510
Samsung;Samsung GT-C6112
Samsung;Samsung GT-C6620
Samsung;Samsung GT-C6625
Samsung;Samsung GT-C6712
Samsung;Samsung GT-E1050
Samsung;Samsung GT-E1070
Samsung;Samsung GT-E1080
Samsung;Samsung GT-E1081T
Samsung;Samsung GT-E1100
Samsung;Samsung GT-E1107 Crest Solar
Samsung;Samsung GT-E1110
Samsung;Samsung GT-E1117
Samsung;Samsung GT-E1120
Samsung;Samsung GT-E1125
Samsung;Samsung GT-E1130
Samsung;Samsung GT-E1150
Samsung;Samsung GT-E1151
Samsung;Samsung GT-E1160 Guru
Samsung;Samsung GT-E1170
Samsung;Samsung GT-E1175 Guru
Samsung;Samsung GT-E1180
Samsung;Samsung GT-E1182
Samsung;Samsung GT-E1190
Samsung;Samsung GT-E1195
Samsung;Samsung GT-E1200
Samsung;Samsung GT-E1200R
Samsung;Samsung GT-E1202
Samsung;Samsung GT-E1205
Samsung;Samsung GT-E1207
Samsung;Samsung GT-E1210
Samsung;Samsung GT-E1225
Samsung;Samsung GT-E1230
Samsung;Samsung GT-E1252
Samsung;Samsung GT-E1260B
Samsung;Samsung GT-E1270
Samsung;Samsung GT-E1272
Samsung;Samsung GT-E1280
Samsung;Samsung GT-E1282T
Samsung;Samsung GT-E1310
Samsung;Samsung GT-E1360
Samsung;Samsung GT-E1390
Samsung;Samsung GT-E1410
Samsung;Samsung GT-E2100
Samsung;Samsung GT-E2120
Samsung;Samsung GT-E2121
Samsung;Samsung GT-E2130
Samsung;Samsung GT-E2152
Samsung;Samsung GT-E2200
Samsung;Samsung GT-E2202
Samsung;Samsung GT-E2210 Hello Kitty
Samsung;Samsung GT-E2210B
Samsung;Samsung GT-E2230
Samsung;Samsung GT-E2232
Samsung;Samsung GT-E2250
Samsung;Samsung GT-E2252
Samsung;Samsung GT-E2262
Samsung;Samsung GT-E2330
Samsung;Samsung GT-E2350B
Samsung;Samsung GT-E2370
Samsung;Samsung GT-E2510
Samsung;Samsung GT-E2530
Samsung;Samsung GT-E2550 Monte Slider
Samsung;Samsung GT-E2600
Samsung;Samsung GT-E3210
Samsung;Samsung GT-E3300
Samsung;Samsung GT-i5500 Galaxy 5
Samsung;Samsung GT-i5510 Galaxy
Samsung;Samsung GT-i5700
Samsung;Samsung GT-i5800 Galaxy 3
Samsung;Samsung GT-i5801
Samsung;Samsung GT-i6210
Samsung;Samsung GT-i6220 Star TV
Samsung;Samsung GT-i6500U Saturn
Samsung;Samsung GT-i7110
Samsung;Samsung GT-i7410
Samsung;Samsung GT-i7500
Samsung;Samsung GT-i8000 Omnia 2
Samsung;Samsung GT-i8150 Galaxy W
Samsung;Samsung GT-i8250
Samsung;Samsung GT-i8262D
Samsung;Samsung GT-i8268
Samsung;Samsung GT-i8350 Omnia W
Samsung;Samsung GT-i8510
Samsung;Samsung GT-i8520 Beam
Samsung;Samsung GT-i8910 Omnia HD
Samsung;Samsung GT-i9000 Galaxy S
Samsung;Samsung GT-i9001 Galaxy S Plus
Samsung;Samsung GT-i9003 Galaxy SL
Samsung;Samsung GT-i9010
Samsung;Samsung GT-i9023 Google Nexus S
Samsung;Samsung GT-i9103 Galaxy S II
Samsung;Samsung GT-i9192
Samsung;Samsung GT-i9230
Samsung;Samsung GT-i9301i
Samsung;Samsung GT-M2310
Samsung;Samsung GT-M2510
Samsung;Samsung GT-M2520
Samsung;Samsung GT-M2710
Samsung;Samsung GT-M3200
Samsung;Samsung GT-M3310
Samsung;Samsung GT-M3510
Samsung;Samsung GT-M3710 Beat
Samsung;Samsung GT-M5650 Lindy
Samsung;Samsung GT-M6710
Samsung;Samsung GT-M7500
Samsung;Samsung GT-M7600
Samsung;Samsung GT-M8800
Samsung;Samsung GT-M8910 Pixon12
Samsung;Samsung GT-S3030
Samsung;Samsung GT-S3100
Samsung;Samsung GT-S3110
Samsung;Samsung GT-S3310
Samsung;Samsung GT-S3330
Samsung;Samsung GT-S3332
Samsung;Samsung GT-S3350
Samsung;Samsung GT-S3370 Corby
Samsung;Samsung GT-S3500
Samsung;Samsung GT-S3550 Shark 3
Samsung;Samsung GT-S3600
Samsung;Samsung GT-S3650 Corby
Samsung;Samsung GT-S3650W Corby
Samsung;Samsung GT-S3770
Samsung;Samsung GT-S3778V
Samsung;Samsung GT-S3850 Corby II
Samsung;Samsung GT-S3930c
Samsung;Samsung GT-S5050
Samsung;Samsung GT-S5150 Diva
Samsung;Samsung GT-S5200
Samsung;Samsung GT-S5222
Samsung;Samsung GT-S5230
Samsung;Samsung GT-S5230 Hello Kitty
Samsung;Samsung GT-S5230 La Fleur
Samsung;Samsung GT-S5230G
Samsung;Samsung GT-S5230N
Samsung;Samsung GT-S5230W Star
Samsung;Samsung GT-S5233T
Samsung;Samsung GT-S5250
Samsung;Samsung GT-S5260
Samsung;Samsung GT-S5270
Samsung;Samsung GT-S5292
Samsung;Samsung GT-S5320
Samsung;Samsung GT-S5330
Samsung;Samsung GT-S5350 Shark
Samsung;Samsung GT-S5360 Galaxy Y
Samsung;Samsung GT-S5380 Wave Y
Samsung;Samsung GT-S5500
Samsung;Samsung GT-S5510
Samsung;Samsung GT-S5530
Samsung;Samsung GT-S5550 Shark 2
Samsung;Samsung GT-S5560
Samsung;Samsung GT-S5570 Mini
Samsung;Samsung GT-S5570i
Samsung;Samsung GT-S5600
Samsung;Samsung GT-S5600v Blade
Samsung;Samsung GT-S5610
Samsung;Samsung GT-S5611
Samsung;Samsung GT-S5620 Monte
Samsung;Samsung GT-S5630c
Samsung;Samsung GT-S5660 Gio
Samsung;Samsung GT-S5670 Fit
Samsung;Samsung GT-S5690 Xcover
Samsung;Samsung GT-S5750
Samsung;Samsung GT-S5780
Samsung;Samsung GT-S5830 Ace
Samsung;Samsung GT-S5839i
Samsung;Samsung GT-S6700
Samsung;Samsung GT-S7070
Samsung;Samsung GT-S7220 Ultra
Samsung;Samsung GT-S7230E
Samsung;Samsung GT-S7250 Wave M
Samsung;Samsung GT-S7260
Samsung;Samsung GT-S7262
Samsung;Samsung GT-S7330
Samsung;Samsung GT-S7350 Ultra
Samsung;Samsung GT-S7390
Samsung;Samsung GT-S7392
Samsung;Samsung GT-S7550 Blue Earth
Samsung;Samsung GT-S7560
Samsung;Samsung GT-S7562
Samsung;Samsung GT-S7580
Samsung;Samsung GT-S7582
Samsung;Samsung GT-S8000 Cubic
Samsung;Samsung GT-S8300
Samsung;Samsung GT-S8500 Wave
Samsung;Samsung GT-S8500 Wave 8GB
Samsung;Samsung GT-S8530 Wave II
Samsung;Samsung GT-S8600 Wave 3
Samsung;Samsung GT-S9110
Samsung;Samsung GT-S9402
Samsung;Samsung Guru Music 2
Samsung;Samsung Gusto 2
Samsung;Samsung i8510 INNOV8
Samsung;Samsung Illusion
Samsung;Samsung Impact
Samsung;Samsung ImpactB
Samsung;Samsung ImpactSF
Samsung;Samsung Indulge
Samsung;Samsung Intensity III
Samsung;Samsung Intercept
Samsung;Samsung Jasper
Samsung;Samsung Knack
Samsung;Samsung Legend
Samsung;Samsung M400
Samsung;Samsung Master Dual
Samsung;Samsung Mesmerize
Samsung;Samsung Messager II
Samsung;Samsung Metro 312
Samsung;Samsung Metro 360
Samsung;Samsung Metro B350E
Samsung;Samsung MyShot II
Samsung;Samsung Naos Galaxy
Samsung;Samsung Nexus S
Samsung;Samsung Nexus S 4G
Samsung;Samsung Omnia
Samsung;Samsung Omnia 7
Samsung;Samsung Omnia M
Samsung;Samsung Photos 920SC
Samsung;Samsung Replenish
Samsung;Samsung Repp
Samsung;Samsung Rex 60 C3312R
Samsung;Samsung Rex 70 S3802
Samsung;Samsung Rex 80 S5222R
Samsung;Samsung Rex 90 S5292
Samsung;Samsung Rugby Smart
Samsung;Samsung SCH-579
Samsung;Samsung SCH-B159
Samsung;Samsung SCH-B229
Samsung;Samsung SCH-I220 Code
Samsung;Samsung SCH-i225 Exec
Samsung;Samsung SCH-i405 Stratosphere
Samsung;Samsung SCH-i415 Stratosphere II
Samsung;Samsung SCH-i510
Samsung;Samsung SCH-i515
Samsung;Samsung SCH-i520
Samsung;Samsung SCH-i535
Samsung;Samsung SCH-i589 Ace Duos
Samsung;Samsung SCH-i770 Saga
Samsung;Samsung SCH-I839
Samsung;Samsung SCH-i919
Samsung;Samsung SCH-I920 Omnia II
Samsung;Samsung SCH-R100 Stunt
Samsung;Samsung SCH-R210 Spex
Samsung;Samsung SCH-R260 Chrono
Samsung;Samsung SCH-R261 Chrono
Samsung;Samsung SCH-R310 Byline
Samsung;Samsung SCH-R311 Axle
Samsung;Samsung SCH-R330 Stride
Samsung;Samsung SCH-R335C
Samsung;Samsung SCH-R340 MyShot
Samsung;Samsung SCH-R351 Freeform
Samsung;Samsung SCH-R355
Samsung;Samsung SCH-R360 Freeform II
Samsung;Samsung SCH-R450 Messager
Samsung;Samsung SCH-R451 Messager
Samsung;Samsung SCH-R520 Trill
Samsung;Samsung SCH-R550 JetSet
Samsung;Samsung SCH-R570
Samsung;Samsung SCH-R580 Profile
Samsung;Samsung SCH-R631 Messager Touch
Samsung;Samsung SCH-R720 Admire
Samsung;Samsung SCH-R800 Delve
Samsung;Samsung SCH-R810 Finesse
Samsung;Samsung SCH-R830
Samsung;Samsung SCH-R850 Caliber
Samsung;Samsung SCH-R880 Acclaim
Samsung;Samsung SCH-R900 Craft
Samsung;Samsung SCH-U320 Haven
Samsung;Samsung SCH-U360 Gusto
Samsung;Samsung SCH-U370 Reality
Samsung;Samsung SCH-U440
Samsung;Samsung SCH-U450 Intensity
Samsung;Samsung SCH-U460 Intensity II
Samsung;Samsung SCH-U550
Samsung;Samsung SCH-U640 Convoy
Samsung;Samsung SCH-U650 Sway
Samsung;Samsung SCH-U660 Convoy 2
Samsung;Samsung SCH-U706 Muse
Samsung;Samsung SCH-U810 Renown
Samsung;Samsung SCH-U820 Reality
Samsung;Samsung SCH-U940 Glyde
Samsung;Samsung SCH-W699
Samsung;Samsung SCH-W789
Samsung;Samsung SCH-W880
Samsung;Samsung SCH-W960
Samsung;Samsung SCH-W999
Samsung;Samsung SCH-W2013
Samsung;Samsung SCH-W2014
Samsung;Samsung Serenata
Samsung;Samsung SERENE
Samsung;Samsung SGH-250
Samsung;Samsung SGH-500
Samsung;Samsung SGH-600
Samsung;Samsung SGH-800
Samsung;Samsung SGH-810
Samsung;Samsung SGH-2100
Samsung;Samsung SGH-2200
Samsung;Samsung SGH-2400
Samsung;Samsung SGH-A100
Samsung;Samsung SGH-A107
Samsung;Samsung SGH-A110
Samsung;Samsung SGH-A117
Samsung;Samsung SGH-A127
Samsung;Samsung SGH-A137
Samsung;Samsung SGH-A167
Samsung;Samsung SGH-A177
Samsung;Samsung SGH-A187
Samsung;Samsung SGH-A197
Samsung;Samsung SGH-A200
Samsung;Samsung SGH-A226
Samsung;Samsung SGH-A227
Samsung;Samsung SGH-A237
Samsung;Samsung SGH-A247
Samsung;Samsung SGH-A257 Magnet
Samsung;Samsung SGH-A300
Samsung;Samsung SGH-A400
Samsung;Samsung SGH-A408
Samsung;Samsung SGH-A411
Samsung;Samsung SGH-A437
Samsung;Samsung SGH-A517
Samsung;Samsung SGH-A597 Eternity II
Samsung;Samsung SGH-A617
Samsung;Samsung SGH-A637
Samsung;Samsung SGH-A657
Samsung;Samsung SGH-A667 Evergreen
Samsung;Samsung SGH-A687 Strive
Samsung;Samsung SGH-A697 Sunburst
Samsung;Samsung SGH-A706
Samsung;Samsung SGH-A707 Sync
Samsung;Samsung SGH-A717
Samsung;Samsung SGH-A727
Samsung;Samsung SGH-A737
Samsung;Samsung SGH-A746
Samsung;Samsung SGH-A747 SLM
Samsung;Samsung SGH-A767
Samsung;Samsung SGH-A777
Samsung;Samsung SGH-A797 Flight
Samsung;Samsung SGH-A800
Samsung;Samsung SGH-A817 Solstice II
Samsung;Samsung SGH-A827
Samsung;Samsung SGH-A837 Rugby
Samsung;Samsung SGH-A847 Rugby II
Samsung;Samsung SGH-A867
Samsung;Samsung SGH-A877 Impression
Samsung;Samsung SGH-A886 Forever
Samsung;Samsung SGH-A887 Solstice
Samsung;Samsung SGH-A897 Mythic
Samsung;Samsung SGH-A927 Flight II
Samsung;Samsung SGH-A997 Rugby III
Samsung;Samsung SGH-B100
Samsung;Samsung SGH-B110
Samsung;Samsung SGH-B130
Samsung;Samsung SGH-B200
Samsung;Samsung SGH-B210 Guru
Samsung;Samsung SGH-B220 Guru
Samsung;Samsung SGH-B300
Samsung;Samsung SGH-B320
Samsung;Samsung SGH-B460
Samsung;Samsung SGH-B500
Samsung;Samsung SGH-B510
Samsung;Samsung SGH-B520
Samsung;Samsung SGH-C100
Samsung;Samsung SGH-C110
Samsung;Samsung SGH-C120
Samsung;Samsung SGH-C130
Samsung;Samsung SGH-C140
Samsung;Samsung SGH-C160
Samsung;Samsung SGH-C170
Samsung;Samsung SGH-C180
Samsung;Samsung SGH-C200
Samsung;Samsung SGH-C200n
Samsung;Samsung SGH-C207
Samsung;Samsung SGH-C210
Samsung;Samsung SGH-C225
Samsung;Samsung SGH-C230
Samsung;Samsung SGH-C240
Samsung;Samsung SGH-C250
Samsung;Samsung SGH-C260
Samsung;Samsung SGH-C270
Samsung;Samsung SGH-C280
Samsung;Samsung SGH-C300
Samsung;Samsung SGH-C327
Samsung;Samsung SGH-C400
Samsung;Samsung SGH-C416
Samsung;Samsung SGH-C417
Samsung;Samsung SGH-C450
Samsung;Samsung SGH-C510
Samsung;Samsung SGH-C520
Samsung;Samsung SGH-C520 Hello Kitty
Samsung;Samsung SGH-D100
Samsung;Samsung SGH-D300
Samsung;Samsung SGH-D407
Samsung;Samsung SGH-D410
Samsung;Samsung SGH-D500
Samsung;Samsung SGH-D510
Samsung;Samsung SGH-D520
Samsung;Samsung SGH-D550
Samsung;Samsung SGH-D600
Samsung;Samsung SGH-D600E
Samsung;Samsung SGH-D606
Samsung;Samsung SGH-D610
Samsung;Samsung SGH-D700
Samsung;Samsung SGH-D710
Samsung;Samsung SGH-D720
Samsung;Samsung SGH-D730
Samsung;Samsung SGH-D780
Samsung;Samsung SGH-D780 GE
Samsung;Samsung SGH-D800
Samsung;Samsung SGH-D807
Samsung;Samsung SGH-D810
Samsung;Samsung SGH-D820
Samsung;Samsung SGH-D830
Samsung;Samsung SGH-D840
Samsung;Samsung SGH-D870
Samsung;Samsung SGH-D880
Samsung;Samsung SGH-D888
Samsung;Samsung SGH-D900
Samsung;Samsung SGH-D900i
Samsung;Samsung SGH-D980
Samsung;Samsung SGH-E100
Samsung;Samsung SGH-E110
Samsung;Samsung SGH-E116
Samsung;Samsung SGH-E200
Samsung;Samsung SGH-E200 Eco
Samsung;Samsung SGH-E210
Samsung;Samsung SGH-E215
Samsung;Samsung SGH-E215 Camp Rock
Samsung;Samsung SGH-E218
Samsung;Samsung SGH-E230
Samsung;Samsung SGH-E236
Samsung;Samsung SGH-E250
Samsung;Samsung SGH-E251
Samsung;Samsung SGH-E300
Samsung;Samsung SGH-E310
Samsung;Samsung SGH-E316
Samsung;Samsung SGH-E317
Samsung;Samsung SGH-E330
Samsung;Samsung SGH-E330N
Samsung;Samsung SGH-E335
Samsung;Samsung SGH-E340
Samsung;Samsung SGH-E350
Samsung;Samsung SGH-E356
Samsung;Samsung SGH-E360
Samsung;Samsung SGH-E370
Samsung;Samsung SGH-E380
Samsung;Samsung SGH-E390
Samsung;Samsung SGH-E400
Samsung;Samsung SGH-E420
Samsung;Samsung SGH-E428
Samsung;Samsung SGH-E480
Samsung;Samsung SGH-E490
Samsung;Samsung SGH-E500
Samsung;Samsung SGH-E530
Samsung;Samsung SGH-E570
Samsung;Samsung SGH-E570V
Samsung;Samsung SGH-E590
Samsung;Samsung SGH-E600
Samsung;Samsung SGH-E610
Samsung;Samsung SGH-E620
Samsung;Samsung SGH-E630
Samsung;Samsung SGH-E635
Samsung;Samsung SGH-E640
Samsung;Samsung SGH-E690
Samsung;Samsung SGH-E700
Samsung;Samsung SGH-E708
Samsung;Samsung SGH-E710
Samsung;Samsung SGH-E715
Samsung;Samsung SGH-E720
Samsung;Samsung SGH-E730
Samsung;Samsung SGH-E736
Samsung;Samsung SGH-E740
Samsung;Samsung SGH-E750
Samsung;Samsung SGH-E760
Samsung;Samsung SGH-E768
Samsung;Samsung SGH-E770
Samsung;Samsung SGH-E780
Samsung;Samsung SGH-E790
Samsung;Samsung SGH-E800
Samsung;Samsung SGH-E800 zien
Samsung;Samsung SGH-E810
Samsung;Samsung SGH-E820
Samsung;Samsung SGH-E830
Samsung;Samsung SGH-E840
Samsung;Samsung SGH-E848 GE
Samsung;Samsung SGH-E850
Samsung;Samsung SGH-E860
Samsung;Samsung SGH-E870
Samsung;Samsung SGH-E880
Samsung;Samsung SGH-E890
Samsung;Samsung SGH-E898
Samsung;Samsung SGH-E900
Samsung;Samsung SGH-E950
Samsung;Samsung SGH-E958
Samsung;Samsung SGH-F110
Samsung;Samsung SGH-F200
Samsung;Samsung SGH-F210
Samsung;Samsung SGH-F250
Samsung;Samsung SGH-F258
Samsung;Samsung SGH-F270 Beat
Samsung;Samsung SGH-F300
Samsung;Samsung SGH-F308
Samsung;Samsung SGH-F330
Samsung;Samsung SGH-F400
Samsung;Samsung SGH-F480
Samsung;Samsung SGH-F490
Samsung;Samsung SGH-F500
Samsung;Samsung SGH-F510
Samsung;Samsung SGH-F520
Samsung;Samsung SGH-F700
Samsung;Samsung SGH-F700V
Samsung;Samsung SGH-G400
Samsung;Samsung SGH-G600
Samsung;Samsung SGH-G800
Samsung;Samsung SGH-G810
Samsung;Samsung SGH-i200
Samsung;Samsung SGH-i300
Samsung;Samsung SGH-i300X
Samsung;Samsung SGH-i310
Samsung;Samsung SGH-i320
Samsung;Samsung SGH-i400
Samsung;Samsung SGH-i450
Samsung;Samsung SGH-i473
Samsung;Samsung SGH-i500
Samsung;Samsung SGH-i520
Samsung;Samsung SGH-i550
Samsung;Samsung SGH-i550w
Samsung;Samsung SGH-i560
Samsung;Samsung SGH-i600
Samsung;Samsung SGH-i607
Samsung;Samsung SGH-i617
Samsung;Samsung SGH-i620
Samsung;Samsung SGH-i627
Samsung;Samsung SGH-i637 Jack
Samsung;Samsung SGH-i640V
Samsung;Samsung SGH-i700
Samsung;Samsung SGH-i710
Samsung;Samsung SGH-i718
Samsung;Samsung SGH-i740
Samsung;Samsung SGH-i747
Samsung;Samsung SGH-i750
Samsung;Samsung SGH-i760
Samsung;Samsung SGH-i780
Samsung;Samsung SGH-i858
Samsung;Samsung SGH-i897 Captivate
Samsung;Samsung SGH-i900
Samsung;Samsung SGH-i907 Epix
Samsung;Samsung SGH-i997 Infuse 4G
Samsung;Samsung SGH-J150
Samsung;Samsung SGH-J165
Samsung;Samsung SGH-J200
Samsung;Samsung SGH-J210
Samsung;Samsung SGH-J400
Samsung;Samsung SGH-J600
Samsung;Samsung SGH-J600E
Samsung;Samsung SGH-J608
Samsung;Samsung SGH-J610
Samsung;Samsung SGH-J630
Samsung;Samsung SGH-J700
Samsung;Samsung SGH-J750
Samsung;Samsung SGH-J758
Samsung;Samsung SGH-J770
Samsung;Samsung SGH-J800
Samsung;Samsung SGH-L170
Samsung;Samsung SGH-L258
Samsung;Samsung SGH-L310
Samsung;Samsung SGH-L320
Samsung;Samsung SGH-L400V
Samsung;Samsung SGH-L600
Samsung;Samsung SGH-L700
Samsung;Samsung SGH-L760
Samsung;Samsung SGH-L768
Samsung;Samsung SGH-L770
Samsung;Samsung SGH-L810
Samsung;Samsung SGH-L870
Samsung;Samsung SGH-M100
Samsung;Samsung SGH-M110
Samsung;Samsung SGH-M130
Samsung;Samsung SGH-M140
Samsung;Samsung SGH-M150
Samsung;Samsung SGH-M200
Samsung;Samsung SGH-M300
Samsung;Samsung SGH-M310
Samsung;Samsung SGH-M600
Samsung;Samsung SGH-M610
Samsung;Samsung SGH-M620
Samsung;Samsung SGH-N100
Samsung;Samsung SGH-N400
Samsung;Samsung SGH-N500
Samsung;Samsung SGH-N600
Samsung;Samsung SGH-N620
Samsung;Samsung SGH-N625
Samsung;Samsung SGH-N628
Samsung;Samsung SGH-P100
Samsung;Samsung SGH-P110
Samsung;Samsung SGH-P180
Samsung;Samsung SGH-P200
Samsung;Samsung SGH-P220
Samsung;Samsung SGH-P250
Samsung;Samsung SGH-P260
Samsung;Samsung SGH-P300
Samsung;Samsung SGH-P310
Samsung;Samsung SGH-P318 GE
Samsung;Samsung SGH-P400
Samsung;Samsung SGH-P510
Samsung;Samsung SGH-P520
Samsung;Samsung SGH-P520 Armani
Samsung;Samsung SGH-P730
Samsung;Samsung SGH-P735
Samsung;Samsung SGH-P738
Samsung;Samsung SGH-P850
Samsung;Samsung SGH-P860
Samsung;Samsung SGH-P900
Samsung;Samsung SGH-P910
Samsung;Samsung SGH-P920
Samsung;Samsung SGH-P930
Samsung;Samsung SGH-P940
Samsung;Samsung SGH-P960
Samsung;Samsung SGH-Q100
Samsung;Samsung SGH-Q200
Samsung;Samsung SGH-R200s
Samsung;Samsung SGH-R210
Samsung;Samsung SGH-R210s
Samsung;Samsung SGH-R220
Samsung;Samsung SGH-S100
Samsung;Samsung SGH-S105
Samsung;Samsung SGH-S200
Samsung;Samsung SGH-S275G
Samsung;Samsung SGH-S300
Samsung;Samsung SGH-S300M
Samsung;Samsung SGH-S342i
Samsung;Samsung SGH-S400i
Samsung;Samsung SGH-S401i
Samsung;Samsung SGH-S410i
Samsung;Samsung SGH-S500
Samsung;Samsung SGH-S500i
Samsung;Samsung SGH-S501i
Samsung;Samsung SGH-S720i
Samsung;Samsung SGH-S730i
Samsung;Samsung SGH-T100
Samsung;Samsung SGH-T101G
Samsung;Samsung SGH-T105G
Samsung;Samsung SGH-T108
Samsung;Samsung SGH-T109
Samsung;Samsung SGH-T119
Samsung;Samsung SGH-T139
Samsung;Samsung SGH-T155G
Samsung;Samsung SGH-T200
Samsung;Samsung SGH-T201G
Samsung;Samsung SGH-T208
Samsung;Samsung SGH-T209
Samsung;Samsung SGH-T219
Samsung;Samsung SGH-T229
Samsung;Samsung SGH-T239
Samsung;Samsung SGH-T245G
Samsung;Samsung SGH-T249
Samsung;Samsung SGH-T255G
Samsung;Samsung SGH-T259
Samsung;Samsung SGH-T301G
Samsung;Samsung SGH-T309
Samsung;Samsung SGH-T319
Samsung;Samsung SGH-T329
Samsung;Samsung SGH-T330
Samsung;Samsung SGH-T339
Samsung;Samsung SGH-T340G
Samsung;Samsung SGH-T349
Samsung;Samsung SGH-T359 Smiley
Samsung;Samsung SGH-T369
Samsung;Samsung SGH-T379 Gravity TXT
Samsung;Samsung SGH-T400
Samsung;Samsung SGH-T401G
Samsung;Samsung SGH-T404G
Samsung;Samsung SGH-T409
Samsung;Samsung SGH-T419
Samsung;Samsung SGH-T429
Samsung;Samsung SGH-T439
Samsung;Samsung SGH-T459
Samsung;Samsung SGH-T469 Gravity2
Samsung;Samsung SGH-T479 Gravity 3
Samsung;Samsung SGH-T500
Samsung;Samsung SGH-T509
Samsung;Samsung SGH-T528
Samsung;Samsung SGH-T539 Beat
Samsung;Samsung SGH-T559 Comeback
Samsung;Samsung SGH-T619
Samsung;Samsung SGH-T629
Samsung;Samsung SGH-T639
Samsung;Samsung SGH-T659
Samsung;Samsung SGH-T669 Gravity T
Samsung;Samsung SGH-T719
Samsung;Samsung SGH-T729 Blast
Samsung;Samsung SGH-T739 Katalyst
Samsung;Samsung SGH-T749 Highlight
Samsung;Samsung SGH-T819
Samsung;Samsung SGH-T919
Samsung;Samsung SGH-T929
Samsung;Samsung SGH-T939 Behold 2
Samsung;Samsung SGH-T989
Samsung;Samsung SGH-T999
Samsung;Samsung SGH-U100
Samsung;Samsung SGH-U300
Samsung;Samsung SGH-U600
Samsung;Samsung SGH-U600 Gold
Samsung;Samsung SGH-U608
Samsung;Samsung SGH-U700
Samsung;Samsung SGH-U708
Samsung;Samsung SGH-U800 SoulB
Samsung;Samsung SGH-U900 Soul
Samsung;Samsung SGH-V200
Samsung;Samsung SGH-V820L
Samsung;Samsung SGH-X100
Samsung;Samsung SGH-X105
Samsung;Samsung SGH-X120
Samsung;Samsung SGH-X140
Samsung;Samsung SGH-X150
Samsung;Samsung SGH-X160
Samsung;Samsung SGH-X200
Samsung;Samsung SGH-X210
Samsung;Samsung SGH-X300
Samsung;Samsung SGH-X400
Samsung;Samsung SGH-X430
Samsung;Samsung SGH-X450
Samsung;Samsung SGH-X460
Samsung;Samsung SGH-X461
Samsung;Samsung SGH-X480
Samsung;Samsung SGH-X481
Samsung;Samsung SGH-X490
Samsung;Samsung SGH-X495
Samsung;Samsung SGH-X497
Samsung;Samsung SGH-X500
Samsung;Samsung SGH-X510
Samsung;Samsung SGH-X520
Samsung;Samsung SGH-X530
Samsung;Samsung SGH-X540
Samsung;Samsung SGH-X550
Samsung;Samsung SGH-X576
Samsung;Samsung SGH-X600
Samsung;Samsung SGH-X610
Samsung;Samsung SGH-X620
Samsung;Samsung SGH-X630
Samsung;Samsung SGH-X640
Samsung;Samsung SGH-X640C
Samsung;Samsung SGH-X650
Samsung;Samsung SGH-X660
Samsung;Samsung SGH-X670
Samsung;Samsung SGH-X680
Samsung;Samsung SGH-X700
Samsung;Samsung SGH-X800
Samsung;Samsung SGH-X810
Samsung;Samsung SGH-X820
Samsung;Samsung SGH-X830
Samsung;Samsung SGH-X910
Samsung;Samsung SGH-Z100
Samsung;Samsung SGH-Z105
Samsung;Samsung SGH-Z107
Samsung;Samsung SGH-Z110
Samsung;Samsung SGH-Z130
Samsung;Samsung SGH-Z140
Samsung;Samsung SGH-Z150
Samsung;Samsung SGH-Z170
Samsung;Samsung SGH-Z230
Samsung;Samsung SGH-Z240
Samsung;Samsung SGH-Z240 VL
Samsung;Samsung SGH-Z248
Samsung;Samsung SGH-Z300
Samsung;Samsung SGH-Z308
Samsung;Samsung SGH-Z310
Samsung;Samsung SGH-Z320i
Samsung;Samsung SGH-Z330
Samsung;Samsung SGH-Z350
Samsung;Samsung SGH-Z360
Samsung;Samsung SGH-Z370
Samsung;Samsung SGH-Z400
Samsung;Samsung SGH-Z500
Samsung;Samsung SGH-Z510
Samsung;Samsung SGH-Z520
Samsung;Samsung SGH-Z540
Samsung;Samsung SGH-Z550
Samsung;Samsung SGH-Z560
Samsung;Samsung SGH-Z600
Samsung;Samsung SGH-Z620
Samsung;Samsung SGH-Z630
Samsung;Samsung SGH-Z650i
Samsung;Samsung SGH-Z710
Samsung;Samsung SGH-Z720
Samsung;Samsung SGH-Z720M
Samsung;Samsung SGH-ZM60
Samsung;Samsung SGH-ZV40
Samsung;Samsung SGH-ZV50
Samsung;Samsung SGH-ZV60
Samsung;Samsung SGH-ZX10
Samsung;Samsung SGH-ZX20
Samsung;Samsung SHV-E160S
Samsung;Samsung SHV-E210S
Samsung;Samsung SHV-E250S
Samsung;Samsung SHV-E270S
Samsung;Samsung SHV-E300S
Samsung;Samsung SHV-E310S
Samsung;Samsung SHV-E470S
Samsung;Samsung SHW-M100S Galaxy A
Samsung;Samsung SHW-M110S Galaxy S
Samsung;Samsung SHW-M240S
Samsung;Samsung SHW-M250S
Samsung;Samsung SHW-M340s
Samsung;Samsung SHW-M420S
Samsung;Samsung SHW-M440S
Samsung;Samsung SM-G357FZ
Samsung;Samsung SM-G510F
Samsung;Samsung SM-G530BT
Samsung;Samsung SM-G710K
Samsung;Samsung SM-G710L
Samsung;Samsung SM-G710S
Samsung;Samsung SM-G7106
Samsung;Samsung SM-G9092
Samsung;Samsung SM-G9098
Samsung;Samsung SM-G9198
Samsung;Samsung Smooth
Samsung;Samsung SPH-A310 Jitterbug J
Samsung;Samsung SPH-D600 Conquer
Samsung;Samsung SPH-I325 Ace
Samsung;Samsung SPH-I350 Intrepid
Samsung;Samsung SPH-L710
Samsung;Samsung SPH-M310 Slash
Samsung;Samsung SPH-M340 Mantra
Samsung;Samsung SPH-M350 Seek
Samsung;Samsung SPH-M360
Samsung;Samsung SPH-M370
Samsung;Samsung SPH-M520
Samsung;Samsung SPH-M540 Rant
Samsung;Samsung SPH-M550 Exclaim
Samsung;Samsung SPH-M560 Reclaim
Samsung;Samsung SPH-M570 Restore
Samsung;Samsung SPH-M575 Restore
Samsung;Samsung SPH-M630 Highnote
Samsung;Samsung SPH-M800 Instinct
Samsung;Samsung SPH-M810 Instinct
Samsung;Samsung SPH-M900 Moment
Samsung;Samsung SPH-M920 Transform
Samsung;Samsung Star 3
Samsung;Samsung Suede
Samsung;Samsung T-Mobile Sidekick 4G
Samsung;Samsung T519 Trace
Samsung;Samsung TeDeFON
Samsung;Samsung Teos Galaxy
Samsung;Samsung Transfix
Samsung;Samsung Transform Ultra
Samsung;Samsung Trender
Samsung;Samsung Vibrant
Samsung;Samsung Victory 4G LTE
Samsung;Samsung Vodafone 360 H1
Samsung;Samsung Vodafone 360 M1
Samsung;Samsung W2016
Samsung;Samsung Wave 575 Hello Kitty
Samsung;Samsung Wave Y La Fleur
Samsung;Samsung Wave Y Young S5380D
Samsung;Samsung Wise 2
Samsung;Samsung Wrist Phone
Samsung;Samsung Xcover B550
Samsung;Samsung Z
Samsung;Samsung Z1 Duos
Samsung;Samsung Z3
Samsung;Samsung Zeal
Samsung;Samsung ZEQ9000
Samsung;Samsung ZV10
Samsung;Samsung ZV30
Sony;Sony CM-DX1000
Sony;Sony CM-DX2000
Sony;Sony CMD-C1
Sony;Sony CMD-CD5
Sony;Sony CMD J-5
Sony;Sony CMD J-6
Sony;Sony CMD J-7
Sony;Sony CMD J-70
Sony;Sony CMD Z-5
Sony;Sony Xperia A
Sony;Sony Xperia A2
Sony;Sony Xperia A4 SO-04G
Sony;Sony Xperia acro HD SO-03D
Sony;Sony Xperia acro S
Sony;Sony Xperia AX SO-01E
Sony;Sony Xperia C
Sony;Sony Xperia C3
Sony;Sony Xperia C3 dual
Sony;Sony Xperia C4
Sony;Sony Xperia C4 Dual
Sony;Sony Xperia C5 Ultra
Sony;Sony Xperia C5 Ultra Dual
Sony;Sony Xperia E
Sony;Sony Xperia E1
Sony;Sony Xperia E1 dual
Sony;Sony Xperia E3
Sony;Sony Xperia E3 Dual
Sony;Sony Xperia E4
Sony;Sony Xperia E4 Dual
Sony;Sony Xperia E4g
Sony;Sony Xperia E4g Dual
Sony;Sony Xperia E dual
Sony;Sony Xperia go
Sony;Sony Xperia GX
Sony;Sony Xperia ion
Sony;Sony Xperia J
Sony;Sony Xperia J1 Compact
Sony;Sony Xperia J1 Compact MGS
Sony;Sony Xperia L
Sony;Sony Xperia M
Sony;Sony Xperia M2 Aqua
Sony;Sony Xperia M2 D2305
Sony;Sony Xperia M2 D2306
Sony;Sony Xperia M2 dual
Sony;Sony Xperia M2 LTE
Sony;Sony Xperia M2 S50h
Sony;Sony Xperia M4 Aqua
Sony;Sony Xperia M4 Aqua Dual
Sony;Sony Xperia M5
Sony;Sony Xperia M5 Dual
Sony;Sony Xperia M dual
Sony;Sony Xperia miro
Sony;Sony Xperia Neo L
Sony;Sony Xperia NX SO-02D
Sony;Sony Xperia P
Sony;Sony Xperia S
Sony;Sony Xperia SL
Sony;Sony Xperia sola
Sony;Sony Xperia SP
Sony;Sony Xperia SP LTE
Sony;Sony Xperia SX
Sony;Sony Xperia T2 Ultra
Sony;Sony Xperia T2 Ultra XM50h
Sony;Sony Xperia T2 Ultra XM50t
Sony;Sony Xperia T3
Sony;Sony Xperia T3 LTE
Sony;Sony Xperia Tablet S
Sony;Sony Xperia Tablet Z SO-03E
Sony;Sony Xperia Tablet Z WiFi
Sony;Sony Xperia T HSPA
Sony;Sony Xperia tipo
Sony;Sony Xperia tipo dual
Sony;Sony Xperia T LTE
Sony;Sony Xperia TX
Sony;Sony Xperia U
Sony;Sony Xperia UL
Sony;Sony Xperia V
Sony;Sony Xperia Z
Sony;Sony Xperia Z1 C6902
Sony;Sony Xperia Z1 C6903
Sony;Sony Xperia Z1 C6906
Sony;Sony Xperia Z1 Compact
Sony;Sony Xperia Z1f SO-02F
Sony;Sony Xperia Z1s
Sony;Sony Xperia Z2
Sony;Sony Xperia Z2 SO-03F
Sony;Sony Xperia Z2 Tablet
Sony;Sony Xperia Z2 Tablet HSPA+
Sony;Sony Xperia Z2 Tablet LTE
Sony;Sony Xperia Z2a
Sony;Sony Xperia Z3
Sony;Sony Xperia Z3 Compact
Sony;Sony Xperia Z3 Compact SO-02G
Sony;Sony Xperia Z3 Dual SIM
Sony;Sony Xperia Z3 L55t
Sony;Sony Xperia Z3 L55u
Sony;Sony Xperia Z3 SO-01G
Sony;Sony Xperia Z3 SOL26
Sony;Sony Xperia Z3 Tablet Compact
Sony;Sony Xperia Z3 Tablet Compact MGS
Sony;Sony Xperia Z3+
Sony;Sony Xperia Z3+ Dual
Sony;Sony Xperia Z3v
Sony;Sony Xperia Z4
Sony;Sony Xperia Z4 SoftBank
Sony;Sony Xperia Z4 SOV31
Sony;Sony Xperia Z4 Tablet
Sony;Sony Xperia Z4 Tablet MGS
Sony;Sony Xperia Z4 Tablet SOT31
Sony;Sony Xperia Z4v
Sony;Sony Xperia Z5
Sony;Sony Xperia Z5 Compact
Sony;Sony Xperia Z5 Compact SO-02H
Sony;Sony Xperia Z5 Dual
Sony;Sony Xperia Z5 Premium
Sony;Sony Xperia Z5 Premium Dual
Sony;Sony Xperia Z5 Premium SO-03H
Sony;Sony Xperia Z5 SO-01H
Sony;Sony Xperia ZL
Sony;Sony Xperia ZL2
Sony;Sony Xperia ZR
Sony;Sony Xperia ZR LTE
Sony;Sony Xperia Z Ultra
Sony;Sony Xperia Z Ultra C6802
Sony;Sony Xperia Z Ultra WiFi
LG;LG 100C
LG;LG 101
LG;LG 160
LG;LG 200
LG;LG 200C
LG;LG 220C
LG;LG 231C
LG;LG 285
LG;LG 290C
LG;LG 300
LG;LG 300G
LG;LG 320G
LG;LG 380
LG;LG 385
LG;LG 400G
LG;LG 410G
LG;LG 420G
LG;LG 500
LG;LG 500G
LG;LG 501C
LG;LG 600
LG;LG 600G
LG;LG 620G
LG;LG 800G
LG;LG 900G
LG;LG 1500
LG;LG 3280
LG;LG 8700 Shine
LG;LG A100
LG;LG A110
LG;LG A120
LG;LG A130
LG;LG A133
LG;LG A140
LG;LG A155
LG;LG A160
LG;LG A165
LG;LG A170
LG;LG A180
LG;LG A190
LG;LG A200
LG;LG A225
LG;LG A230
LG;LG A250
LG;LG A258
LG;LG A270
LG;LG A290
LG;LG A310
LG;LG A350
LG;LG A395
LG;LG A7150
LG;LG Accolade
LG;LG AKA
LG;LG Ally
LG;LG Andro-1
LG;LG Apex
LG;LG Attune
LG;LG B1200
LG;LG B1300
LG;LG B2000
LG;LG B2050
LG;LG B2100
LG;LG band Play
LG;LG Bello II
LG;LG BL20 Chocolate
LG;LG BL40 Chocolate
LG;LG C100
LG;LG C105
LG;LG C195
LG;LG C199
LG;LG C300 Town
LG;LG C310
LG;LG C320
LG;LG C330
LG;LG C360
LG;LG C365
LG;LG C375 Cookie Tweet
LG;LG C550
LG;LG C1100
LG;LG C1150
LG;LG C1200
LG;LG C1300
LG;LG C1400
LG;LG C2100
LG;LG C2200
LG;LG C3100
LG;LG C3300
LG;LG C3310
LG;LG C3320
LG;LG C3380
LG;LG C3400
LG;LG CB630 Invision
LG;LG CE110
LG;LG CE500
LG;LG CF360
LG;LG CG180
LG;LG CG225
LG;LG CG300
LG;LG Chocolate
LG;LG Chocolate 3
LG;LG Chocolate Flip
LG;LG Chocolate Spin
LG;LG Chocolate VX8500
LG;LG Class F620S
LG;LG Connect 4G
LG;LG Cosmos
LG;LG Cosmos 2
LG;LG Cosmos Touch
LG;LG CU400
LG;LG CU405
LG;LG CU500
LG;LG CU515
LG;LG CU720
LG;LG CU915 Vu
LG;LG CU920 Vu
LG;LG D500
LG;LG Dare
LG;LG Decoy
LG;LG Disney Mobile 3
LG;LG dLite GD570
LG;LG DM-01G
LG;LG DoublePlay
LG;LG E300
LG;LG E460
LG;LG E510 Optimus Hub
LG;LG E730 Optimus Sol
LG;LG E985T
LG;LG Enact
LG;LG Enlighten
LG;LG Env 2
LG;LG Env 3
LG;LG Envoy
LG;LG Env Touch
LG;LG Env VX9900
LG;LG Escape
LG;LG Escape 2
LG;LG Esteem
LG;LG eXpo
LG;LG Extravert
LG;LG F3Q
LG;LG F60
LG;LG F60 Dual
LG;LG F70
LG;LG F90
LG;LG F1200
LG;LG F2100
LG;LG F2250
LG;LG F2300
LG;LG F2400
LG;LG F2410
LG;LG F3000
LG;LG F7250
LG;LG F7250T
LG;LG F9100
LG;LG Fireweb
LG;LG Fx0 LGL25
LG;LG G2
LG;LG G2 F320
LG;LG G2 L-01F
LG;LG G2 Lite
LG;LG G2 Mini
LG;LG G2 mini Dual SIM
LG;LG G3
LG;LG G3 A
LG;LG G3 Beat
LG;LG G3 Dual-LTE
LG;LG G3 Dual SIM
LG;LG G3 F400
LG;LG G3 LTE-A
LG;LG G3 s
LG;LG G3 Screen
LG;LG G3 s Dual
LG;LG G3 Stylus
LG;LG G3 Stylus Dual SIM
LG;LG G4
LG;LG G4 Beat
LG;LG G4 Dual
LG;LG G4 Stylus
LG;LG G4 Stylus 3G
LG;LG G4 Stylus H630
LG;LG G4 Stylus H630D
LG;LG G4c
LG;LG G4S Dual
LG;LG G360
LG;LG G510
LG;LG G1500
LG;LG G1600
LG;LG G1610
LG;LG G1700
LG;LG G1800
LG;LG G3000
LG;LG G3100
LG;LG G4010
LG;LG G4050
LG;LG G5220
LG;LG G5300
LG;LG G5310
LG;LG G5400
LG;LG G5410
LG;LG G5500
LG;LG G7000
LG;LG G7030
LG;LG G7050
LG;LG G7070
LG;LG G7100
LG;LG G7110
LG;LG G7120
LG;LG G7200
LG;LG G8000
LG;LG GB102
LG;LG GB106
LG;LG GB107
LG;LG GB109
LG;LG GB110
LG;LG GB115
LG;LG GB125
LG;LG GB130
LG;LG GB160
LG;LG GB170
LG;LG GB190
LG;LG GB210
LG;LG GB220
LG;LG GB230
LG;LG GB250
LG;LG GB270
LG;LG GB280
LG;LG GD310
LG;LG GD330
LG;LG GD350
LG;LG GD510
LG;LG GD550
LG;LG GD580 Lollipop
LG;LG GD880 Mini
LG;LG GD900
LG;LG GD910
LG;LG Genesis
LG;LG Gentle
LG;LG G Flex
LG;LG G Flex2
LG;LG Glance
LG;LG GM200
LG;LG GM205
LG;LG GM210
LG;LG GM310
LG;LG GM360 Snap
LG;LG GM550
LG;LG GM600
LG;LG GM630
LG;LG GM730
LG;LG GM750
LG;LG G Pad 8.0 V480
LG;LG G Pad 8.0 V490
LG;LG G Pad 8.3
LG;LG G Pad II 8.0
LG;LG G Pad II 10.1
LG;LG G Pro 2
LG;LG G Pro 2 D838
LG;LG G Pro Lite
LG;LG G Pro Lite Dual
LG;LG GS101
LG;LG GS105
LG;LG GS106
LG;LG GS107
LG;LG GS155
LG;LG GS170
LG;LG GS200
LG;LG GS205
LG;LG GS290 Cookie Fresh
LG;LG GS390 Prime
LG;LG GS500 Cookie Plus
LG;LG GS505 Sentio
LG;LG G Stylo
LG;LG GT350
LG;LG GT360
LG;LG GT400
LG;LG GT405
LG;LG GT500
LG;LG GT500s
LG;LG GT505
LG;LG GT540
LG;LG GT550 Encore
LG;LG GT810
LG;LG GT950 Arena
LG;LG GU200
LG;LG GU230
LG;LG GU280 Popcorn
LG;LG GU285
LG;LG GU290
LG;LG GU290f
LG;LG GU292
LG;LG GU295
LG;LG G Vista
LG;LG G Vista 2
LG;LG GW300
LG;LG GW370
LG;LG GW520
LG;LG GW525
LG;LG GW550
LG;LG GW600
LG;LG GW620
LG;LG GW880
LG;LG GW910
LG;LG GW990
LG;LG GX
LG;LG GX200
LG;LG GX300
LG;LG GX500
LG;LG HB620T
LG;LG Ice Cream Smart
LG;LG Ignite
LG;LG Incite
LG;LG Isai FL
LG;LG Isai Vivid LGV32
LG;LG Isai VL
LG;LG Jil Sander
LG;LG Joy
LG;LG Joy TV
LG;LG KB620 Elbrus
LG;LG KB770
LG;LG KB775F Scarlet
LG;LG KC550
LG;LG KC560
LG;LG KC780
LG;LG KC910
LG;LG KC910i
LG;LG KE260
LG;LG KE500
LG;LG KE520
LG;LG KE590
LG;LG KE600
LG;LG KE770
LG;LG KE800
LG;LG KE820
LG;LG KE850 Prada
LG;LG KE970 Shine
LG;LG KE970 Titanium
LG;LG KE990 Viewty
LG;LG KF240
LG;LG KF245
LG;LG KF300
LG;LG KF301
LG;LG KF305
LG;LG KF310 Makalu
LG;LG KF311
LG;LG KF350
LG;LG KF390
LG;LG KF510
LG;LG KF600
LG;LG KF690
LG;LG KF700
LG;LG KF701
LG;LG KF750
LG;LG KF755
LG;LG KF757 Secret
LG;LG KF900 Prada II
LG;LG KG99
LG;LG KG110
LG;LG KG118
LG;LG KG119
LG;LG KG120
LG;LG KG130
LG;LG KG190
LG;LG KG195
LG;LG KG200
LG;LG KG208
LG;LG KG210
LG;LG KG220
LG;LG KG225
LG;LG KG240
LG;LG KG245
LG;LG KG270
LG;LG KG271
LG;LG KG275
LG;LG KG276
LG;LG KG280
LG;LG KG285
LG;LG KG288
LG;LG KG290
LG;LG KG296
LG;LG KG300
LG;LG KG320
LG;LG KG330
LG;LG KG370
LG;LG KG375
LG;LG KG376
LG;LG KG800
LG;LG KG810
LG;LG KG920
LG;LG KH3900 Joypop
LG;LG KizON
LG;LG KM330
LG;LG KM380
LG;LG KM385
LG;LG KM386
LG;LG KM500 Matterhorn
LG;LG KM501
LG;LG KM555
LG;LG KM570 Cookie Music
LG;LG KM710 Altair
LG;LG KM900 Arena
LG;LG KP100
LG;LG KP105
LG;LG KP106 Ruby
LG;LG KP108
LG;LG KP109
LG;LG KP110
LG;LG KP115
LG;LG KP130
LG;LG KP150
LG;LG KP151
LG;LG KP152
LG;LG KP168
LG;LG KP170
LG;LG KP199
LG;LG KP200
LG;LG KP202
LG;LG KP210
LG;LG KP215 Scorpius
LG;LG KP220
LG;LG KP230
LG;LG KP233
LG;LG KP235
LG;LG KP260
LG;LG KP265
LG;LG KP270
LG;LG KP275
LG;LG KP320
LG;LG KP500
LG;LG KP501
LG;LG KP502
LG;LG KP550
LG;LG KS10
LG;LG KS20
LG;LG KS360
LG;LG KS365
LG;LG KS500
LG;LG KS660
LG;LG KT220
LG;LG KT520
LG;LG KT525
LG;LG KT610 Pyxis
LG;LG KT770
LG;LG KU250
LG;LG KU311
LG;LG KU380
LG;LG KU385
LG;LG KU450
LG;LG KU580
LG;LG KU800
LG;LG KU950
LG;LG KU970 Shine
LG;LG KU990
LG;LG KU990i
LG;LG KU2100
LG;LG KW730
LG;LG L20
LG;LG L20 Dual
LG;LG L20 Tri
LG;LG L30
LG;LG L35
LG;LG L40
LG;LG L50 Sporty
LG;LG L50 Sporty Dual TV
LG;LG L60
LG;LG L65
LG;LG L65 Dual SIM
LG;LG L70
LG;LG L70 Tri
LG;LG L80
LG;LG L80 Dual SIM
LG;LG L90
LG;LG L90 Dual
LG;LG L341i
LG;LG L342i
LG;LG L343i
LG;LG L600v
LG;LG L650V
LG;LG L1100
LG;LG L1400
LG;LG L3100
LG;LG L5100
LG;LG Lancet
LG;LG L Bello
LG;LG L Bello Dual
LG;LG Leon
LG;LG Leon 3G
LG;LG Leon H324
LG;LG L Fino
LG;LG L Fino Dual
LG;LG LN510
LG;LG Logos
LG;LG Lollipop 2
LG;LG Lotus
LG;LG Lotus Elite
LG;LG L Prime D337
LG;LG LS720
LG;LG LU6800
LG;LG Lucid 2
LG;LG Lucid 3
LG;LG Lucid 4G
LG;LG LX165 Flare
LG;LG LX290
LG;LG LX370
LG;LG LX400
LG;LG M4300
LG;LG M4330
LG;LG M4410
LG;LG M6100
LG;LG Mach
LG;LG Magna
LG;LG Magna LTE
LG;LG Marquee
LG;LG Max
LG;LG ME500 MusiCam
LG;LG ME540 Maxicam
LG;LG ME550 Cosmo
LG;LG ME770
LG;LG ME970 Shine
LG;LG ME970 Titanium
LG;LG MG100 Plus
LG;LG MG110b Atom
LG;LG MG120b Triax
LG;LG MG125A Luna
LG;LG MG125b One
LG;LG MG140
LG;LG MG155 Onix
LG;LG MG160 Easy
LG;LG MG161
LG;LG MG185 Finecam
LG;LG MG191 Mini
LG;LG MG200
LG;LG MG200 SmartCam
LG;LG MG210 Unic
LG;LG MG220 MasterCam
LG;LG MG225D Butterfly
LG;LG MG230
LG;LG MG235
LG;LG MG280 Chocolight
LG;LG MG295 Star
LG;LG MG296 Orion
LG;LG MG320 Blackslim
LG;LG MG370 Lynx
LG;LG MG376
LG;LG MG377
LG;LG MG810
LG;LG MS25 Genius
LG;LG MS500
LG;LG MS659
LG;LG MU500
LG;LG Muziq
LG;LG Mystique
LG;LG myTouch
LG;LG myTouch Q
LG;LG Neon II
LG;LG Nexus 4
LG;LG Nexus 5
LG;LG Nexus 5X
LG;LG Nitro HD
LG;LG Octane
LG;LG Optimus 2
LG;LG Optimus 2X
LG;LG Optimus 3D Cube
LG;LG Optimus 3D Max
LG;LG Optimus 4G LTE
LG;LG Optimus 4X HD
LG;LG Optimus 7
LG;LG Optimus Black
LG;LG Optimus C
LG;LG Optimus Chic
LG;LG Optimus Elite
LG;LG Optimus EX
LG;LG Optimus F5
LG;LG Optimus F6
LG;LG Optimus F7
LG;LG Optimus G
LG;LG Optimus G E973
LG;LG Optimus G E975
LG;LG Optimus GJ
LG;LG Optimus G Pro
LG;LG Optimus G Pro E980
LG;LG Optimus G Pro E988
LG;LG Optimus L1 II
LG;LG Optimus L1 II Dual
LG;LG Optimus L1 II Tri
LG;LG Optimus L3
LG;LG Optimus L3 E405
LG;LG Optimus L3 II
LG;LG Optimus L3 II Dual
LG;LG Optimus L4 II
LG;LG Optimus L4 II Dual
LG;LG Optimus L5 II
LG;LG Optimus L5 II Dual
LG;LG Optimus L7
LG;LG Optimus L7 II
LG;LG Optimus L7 II Dual
LG;LG Optimus L9
LG;LG Optimus L9 II
LG;LG Optimus LTE
LG;LG Optimus LTE 2
LG;LG Optimus LTE III
LG;LG Optimus Me
LG;LG Optimus Net
LG;LG Optimus One
LG;LG Optimus One P504
LG;LG Optimus P920
LG;LG Optimus Pad
LG;LG Optimus Pad LTE
LG;LG Optimus Pro
LG;LG Optimus Q
LG;LG Optimus Q2
LG;LG Optimus Regard
LG;LG Optimus Slider
LG;LG Optimus T
LG;LG Optimus U
LG;LG Optimus V
LG;LG Optimus Vu
LG;LG Optimus Vu II
LG;LG Optimus White
LG;LG Optimus Z
LG;LG P520
LG;LG P659
LG;LG P692
LG;LG P698
LG;LG P768
LG;LG P769
LG;LG P895
LG;LG P936
LG;LG P7200
LG;LG Phoenix
LG;LG Prada 3.0
LG;LG Prime Plus
LG;LG Quantum
LG;LG Ray X190
LG;LG Remarq LN240
LG;LG Revere
LG;LG Revolution
LG;LG Rumor
LG;LG Rumor 2
LG;LG Rumor Reflex
LG;LG S310
LG;LG S367
LG;LG S5100
LG;LG S5200
LG;LG Shine II
LG;LG Simpure L2
LG;LG Spectrum
LG;LG Spectrum 2
LG;LG Spirit
LG;LG Spirit 3G
LG;LG Spirit 3G Dual SIM
LG;LG Splendor
LG;LG Spray 402LG
LG;LG Spyder 2
LG;LG SU420 Cafe
LG;LG SU760
LG;LG SV770 Waffle
LG;LG Swift L5
LG;LG Swift L5 Dual
LG;LG T300 Cookie Mini
LG;LG T310 Wink Style
LG;LG T315i
LG;LG T320 Wink 3G
LG;LG T325
LG;LG T370
LG;LG T375 Cookie Smart
LG;LG T385
LG;LG T500
LG;LG T505
LG;LG T510
LG;LG T515
LG;LG T530
LG;LG T565
LG;LG T580
LG;LG T5100
LG;LG Thrill
LG;LG Thrive
LG;LG Transpyre
LG;LG TRAX CU575
LG;LG Tribute
LG;LG Tribute 2
LG;LG TU330 Globus
LG;LG TU550
LG;LG U300
LG;LG U310
LG;LG U370
LG;LG U400
LG;LG U830
LG;LG U880
LG;LG U890
LG;LG U900
LG;LG U960
LG;LG U8100
LG;LG U8110
LG;LG U8120
LG;LG U8130
LG;LG U8138
LG;LG U8150
LG;LG U8180
LG;LG U8200
LG;LG U8210
LG;LG U8290
LG;LG U8330
LG;LG U8360
LG;LG U8380
LG;LG U8500
LG;LG U8550
LG;LG V10
LG;LG V9000
LG;LG Vantage
LG;LG Venus
LG;LG Versa
LG;LG Versace Unique
LG;LG VibeCam
LG;LG Viewty 2
LG;LG Viper
LG;LG VM720
LG;LG Volt
LG;LG Volt TV
LG;LG Vortex
LG;LG Voyager
LG;LG VS410 Optimus Zone
LG;LG VS750 Fathom
LG;LG Vu 3
LG;LG Vu Plus
LG;LG VX5200
LG;LG VX5300
LG;LG VX5400
LG;LG VX5500
LG;LG VX6100
LG;LG VX8360
LG;LG VX9000
LG;LG VX9400
LG;LG VX9800
LG;LG W3000
LG;LG Watch Urbane 2nd Edition
LG;LG Wine
LG;LG Wine II
LG;LG Wine Smart
LG;LG Wine Smart 2015
LG;LG Wine Smart Jazz
LG;LG X350
LG;LG Xenon
LG;LG Xpression
LG;LG Zero
HTC;HTC 7 Mozart
HTC;HTC 7 Pro
HTC;HTC 7 Surround
HTC;HTC 7 Trophy
HTC;HTC 8XT
HTC;HTC Amaze 4G
HTC;HTC Apache
HTC;HTC Aria
HTC;HTC Arrive
HTC;HTC Athena Ameo
HTC;HTC Butterfly
HTC;HTC Butterfly 3
HTC;HTC Butterfly S
HTC;HTC Canary
HTC;HTC ChaCha
HTC;HTC Desire
HTC;HTC Desire 200
HTC;HTC Desire 210 Dual SIM
HTC;HTC Desire 300
HTC;HTC Desire 310
HTC;HTC Desire 310 Dual SIM
HTC;HTC Desire 316
HTC;HTC Desire 320
HTC;HTC Desire 326G
HTC;HTC Desire 400 Dual SIM
HTC;HTC Desire 500
HTC;HTC Desire 500 Dual SIM
HTC;HTC Desire 501
HTC;HTC Desire 501 Dual SIM
HTC;HTC Desire 510
HTC;HTC Desire 516
HTC;HTC Desire 516 Dual SIM
HTC;HTC Desire 526G
HTC;HTC Desire 526G+
HTC;HTC Desire 600
HTC;HTC Desire 601
HTC;HTC Desire 601 Dual SIM
HTC;HTC Desire 606w
HTC;HTC Desire 610
HTC;HTC Desire 612
HTC;HTC Desire 616 Dual SIM
HTC;HTC Desire 620
HTC;HTC Desire 620 Dual SIM
HTC;HTC Desire 620G
HTC;HTC Desire 626
HTC;HTC Desire 626G
HTC;HTC Desire 626G+
HTC;HTC Desire 700 Dual SIM
HTC;HTC Desire 728
HTC;HTC Desire 728G
HTC;HTC Desire 816
HTC;HTC Desire 816G Dual SIM
HTC;HTC Desire 820
HTC;HTC Desire 820 dual
HTC;HTC Desire 820 mini
HTC;HTC Desire 820G+ dual
HTC;HTC Desire 820S
HTC;HTC Desire 826
HTC;HTC Desire 826G
HTC;HTC Desire 828 Dual SIM
HTC;HTC Desire C
HTC;HTC Desire Eye
HTC;HTC Desire HD
HTC;HTC Desire L
HTC;HTC Desire P
HTC;HTC Desire Q
HTC;HTC Desire S
HTC;HTC Desire SV
HTC;HTC Desire U
HTC;HTC Desire V
HTC;HTC Desire VC
HTC;HTC Desire VT
HTC;HTC Desire X
HTC;HTC Desire Z
HTC;HTC Dream
HTC;HTC Droid DNA
HTC;HTC Droid Eris
HTC;HTC Droid Incredible
HTC;HTC Droid Incredible 2
HTC;HTC Droid Incredible 4G LTE
HTC;HTC E1
HTC;HTC Elation
HTC;HTC Eternity
HTC;HTC EVO 3D
HTC;HTC EVO 3D Sprint
HTC;HTC EVO 4G LTE
HTC;HTC Evo Design 4G
HTC;HTC EVO Shift 4G
HTC;HTC Explorer
HTC;HTC Faraday
HTC;HTC First
HTC;HTC Flyer
HTC;HTC Flyer 3G
HTC;HTC Freestyle
HTC;HTC Fusion
HTC;HTC Fuwa
HTC;HTC Fuze
HTC;HTC Google Nexus One
HTC;HTC Gratia
HTC;HTC Harrier
HTC;HTC HD2
HTC;HTC HD7
HTC;HTC HD7S
HTC;HTC HD mini
HTC;HTC Hero
HTC;HTC Hero 6250
HTC;HTC Hero S
HTC;HTC HT1100
HTC;HTC Imagio
HTC;HTC Incredible S
HTC;HTC Inspire
HTC;HTC J
HTC;HTC J butterfly
HTC;HTC J butterfly HTL23
HTC;HTC J Butterfly HTV31
HTC;HTC J ISW13HT
HTC;HTC Legend
HTC;HTC Libra
HTC;HTC Magic
HTC;HTC MAX 4G
HTC;HTC Merge
HTC;HTC Mogul
HTC;HTC MTeoR
HTC;HTC myTouch 3G
HTC;HTC myTouch 3G slide
HTC;HTC myTouch 4G slide
HTC;HTC Nexus 9
HTC;HTC One
HTC;HTC One A9
HTC;HTC One Dual
HTC;HTC One E8
HTC;HTC One E8 Dual SIM
HTC;HTC One E9+
HTC;HTC One E9s Dual SIM
HTC;HTC One M8
HTC;HTC One M8 Dual SIM
HTC;HTC One M8 Eye
HTC;HTC One M8 for Windows
HTC;HTC One M8i
HTC;HTC One M8s
HTC;HTC One M9
HTC;HTC One M9+
HTC;HTC One M9+ Supreme Camera
HTC;HTC One M9e
HTC;HTC One M9s
HTC;HTC One Max
HTC;HTC One ME dual SIM
HTC;HTC One mini
HTC;HTC One mini 2
HTC;HTC One Remix
HTC;HTC One S
HTC;HTC One SC
HTC;HTC One ST
HTC;HTC One SU
HTC;HTC One SV
HTC;HTC One V
HTC;HTC One VX
HTC;HTC One X
HTC;HTC One X+
HTC;HTC One XL
HTC;HTC One X LTE
HTC;HTC Ozone
HTC;HTC P3300
HTC;HTC P3350
HTC;HTC P3400
HTC;HTC P3450 Elf
HTC;HTC P3470 Pharos
HTC;HTC P3600
HTC;HTC P3600i
HTC;HTC P3650 Touch Cruise
HTC;HTC P3702
HTC;HTC P4350
HTC;HTC P4550 Kaiser
HTC;HTC P5550 Nike
HTC;HTC P6300 Panda
HTC;HTC P6500 Sirius
HTC;HTC Panache
HTC;HTC Primo
HTC;HTC Prophet
HTC;HTC Pure
HTC;HTC Radar
HTC;HTC Raider
HTC;HTC Rezound
HTC;HTC Rhyme
HTC;HTC S310
HTC;HTC S420 Erato
HTC;HTC S620
HTC;HTC S630 Cavalier
HTC;HTC S710 Vox
HTC;HTC S730 Wings
HTC;HTC S740
HTC;HTC Salsa
HTC;HTC Sensation
HTC;HTC Sensation XE
HTC;HTC Sensation XL
HTC;HTC Shadow
HTC;HTC Shadow II
HTC;HTC Smart
HTC;HTC Snap
HTC;HTC Space Needle
HTC;HTC SPV C500
HTC;HTC SPV C550
HTC;HTC SPV C600
HTC;HTC SPV C600E
HTC;HTC SPV E100
HTC;HTC SPV E200
HTC;HTC SPV E650
HTC;HTC SPV M500
HTC;HTC SPV M600
HTC;HTC SPV M650
HTC;HTC SPV M1000
HTC;HTC SPV M1500
HTC;HTC SPV M2000
HTC;HTC SPV M3000
HTC;HTC SPV M3100
HTC;HTC SPV M5000
HTC;HTC Star Trek
HTC;HTC Status
HTC;HTC Surround
HTC;HTC T-Mobile G2
HTC;HTC T-Mobile myTouch
HTC;HTC Tattoo
HTC;HTC ThunderBolt 4G
HTC;HTC Tiara
HTC;HTC Tilt2
HTC;HTC Titan
HTC;HTC Titan 4G
HTC;HTC Titan II
HTC;HTC Touch
HTC;HTC Touch2
HTC;HTC Touch 3G
HTC;HTC Touch Cruise II
HTC;HTC Touch Diamond
HTC;HTC Touch Diamond 2
HTC;HTC Touch Dual
HTC;HTC Touch Find
HTC;HTC Touch HD
HTC;HTC Touch Pro
HTC;HTC Touch Pro 2
HTC;HTC Touch Viva
HTC;HTC Typhoon
HTC;HTC TyTN
HTC;HTC TyTN II
HTC;HTC Velocity 4G
HTC;HTC Vigor
HTC;HTC Vivid
HTC;HTC Vogue 200
HTC;HTC Wildfire
HTC;HTC Wildfire S
HTC;HTC Windows Phone 8S
HTC;HTC Windows Phone 8X
HTC;HTC Windows Phone 8X LTE
HTC;HTC Wizard 110
HTC;HTC X7500 Advantage
HTC;HTC X7510 Advantage
HTC;HTC X9500 Shift
Blackberry;BlackBerry 5810
Blackberry;BlackBerry 5820
Blackberry;BlackBerry 6210
Blackberry;BlackBerry 6230
Blackberry;BlackBerry 6710
Blackberry;BlackBerry 6720
Blackberry;BlackBerry 7100g
Blackberry;BlackBerry 7100i
Blackberry;BlackBerry 7100r
Blackberry;BlackBerry 7100t
Blackberry;BlackBerry 7100v
Blackberry;BlackBerry 7100x
Blackberry;BlackBerry 7105t
Blackberry;BlackBerry 7130c
Blackberry;BlackBerry 7130g
Blackberry;BlackBerry 7130v
Blackberry;BlackBerry 7210
Blackberry;BlackBerry 7230
Blackberry;BlackBerry 7290
Blackberry;BlackBerry 7730
Blackberry;BlackBerry 8100 Pearl
Blackberry;BlackBerry 8110 Pearl
Blackberry;BlackBerry 8120 Pearl
Blackberry;BlackBerry 8220 Pearl
Blackberry;BlackBerry 8300 Curve
Blackberry;BlackBerry 8310 Curve
Blackberry;BlackBerry 8320 Curve
Blackberry;BlackBerry 8330 Curve
Blackberry;BlackBerry 8350i Curve
Blackberry;BlackBerry 8520 Curve
Blackberry;BlackBerry 8530 Curve
Blackberry;BlackBerry 8700c
Blackberry;BlackBerry 8700f
Blackberry;BlackBerry 8700g
Blackberry;BlackBerry 8800
Blackberry;BlackBerry 8820
Blackberry;BlackBerry 8830
Blackberry;BlackBerry 8900 Curve
Blackberry;BlackBerry 8980 Curve
Blackberry;BlackBerry 9000 Bold
Blackberry;BlackBerry 9100 Pearl
Blackberry;BlackBerry 9105 Pearl
Blackberry;BlackBerry 9220 Curve
Blackberry;BlackBerry 9300 Curve 3G
Blackberry;BlackBerry 9310 Curve
Blackberry;BlackBerry 9320 Curve
Blackberry;BlackBerry 9350 Curve
Blackberry;BlackBerry 9360 Curve
Blackberry;BlackBerry 9370 Curve
Blackberry;BlackBerry 9380 Curve
Blackberry;BlackBerry 9500 Storm
Blackberry;BlackBerry 9520 Storm2
Blackberry;BlackBerry 9630
Blackberry;BlackBerry 9650 Bold
Blackberry;BlackBerry 9670 Style
Blackberry;BlackBerry 9700 Bold2
Blackberry;BlackBerry 9720
Blackberry;BlackBerry 9780 Bold
Blackberry;BlackBerry 9790 Bold
Blackberry;BlackBerry 9800 Torch
Blackberry;BlackBerry 9810 Torch 2
Blackberry;BlackBerry 9850 Torch
Blackberry;BlackBerry 9860 Torch
Blackberry;BlackBerry 9900 Bold
Blackberry;BlackBerry 9930 Bold
Blackberry;BlackBerry Classic
Blackberry;BlackBerry Leap
Blackberry;BlackBerry Passport
Blackberry;BlackBerry Passport AT&T;
Blackberry;BlackBerry Playbook 4G LTE
Blackberry;BlackBerry Playbook Wi-Fi
Blackberry;BlackBerry Porsche Design P9981
Blackberry;BlackBerry Porsche Design P9982
Blackberry;BlackBerry Porsche Design P9983
Blackberry;BlackBerry Priv
Blackberry;BlackBerry Q5
Blackberry;BlackBerry Q10
Blackberry;BlackBerry Z3
Blackberry;BlackBerry Z10
Blackberry;BlackBerry Z30
Alcatel;Alcatel 1030
Alcatel;Alcatel 1030D
Alcatel;Alcatel 1060
Alcatel;Alcatel 1060D
Alcatel;Alcatel 2004
Alcatel;Alcatel 2005
Alcatel;Alcatel 2005D
Alcatel;Alcatel 2010
Alcatel;Alcatel 2010D
Alcatel;Alcatel 3040
Alcatel;Alcatel 3040D
Alcatel;Alcatel A 341i
Alcatel;Alcatel C60
Alcatel;Alcatel Crystal
Alcatel;Alcatel Duet App!
Alcatel;Alcatel E100 Flip
Alcatel;Alcatel E260
Alcatel;Alcatel ELLE Glamphone
Alcatel;Alcatel ELLE No3
Alcatel;Alcatel Mandarina Duck
Alcatel;Alcatel Mandarina Duck Moon
Alcatel;Alcatel Miss Sixty
Alcatel;Alcatel MSX10 Miss Sixty
Alcatel;Alcatel One Touch 2000
Alcatel;Alcatel One Touch 2001
Alcatel;Alcatel One Touch 2012
Alcatel;Alcatel One Touch 2012 Dual SIM
Alcatel;Alcatel One Touch 3020
Alcatel;Alcatel One Touch 4033D
Alcatel;Alcatel One Touch 5036D
Alcatel;Alcatel One Touch Chrome
Alcatel;Alcatel One Touch Club db
Alcatel;Alcatel One Touch Club Plus
Alcatel;Alcatel One Touch Conquest
Alcatel;Alcatel One Touch Duet Dream
Alcatel;Alcatel One Touch Elevate
Alcatel;Alcatel One Touch Evolve
Alcatel;Alcatel One Touch Fierce
Alcatel;Alcatel One Touch Fierce XL
Alcatel;Alcatel One Touch Fire
Alcatel;Alcatel One Touch Fire C
Alcatel;Alcatel One Touch Fire E
Alcatel;Alcatel One Touch Fire S
Alcatel;Alcatel One Touch Flash
Alcatel;Alcatel One Touch Flash 2
Alcatel;Alcatel One Touch Flash Plus
Alcatel;Alcatel One Touch Go Play
Alcatel;Alcatel One Touch Hero
Alcatel;Alcatel One Touch Hero 2
Alcatel;Alcatel One Touch Hero 2+
Alcatel;Alcatel One Touch Hero 2C
Alcatel;Alcatel One Touch Hero 8
Alcatel;Alcatel One Touch Hero Dual SIM
Alcatel;Alcatel One Touch Idol
Alcatel;Alcatel One Touch Idol 2
Alcatel;Alcatel One Touch Idol 2 Dual
Alcatel;Alcatel One Touch Idol 2 mini
Alcatel;Alcatel One Touch Idol 2 mini Dual
Alcatel;Alcatel One Touch Idol 2 mini S
Alcatel;Alcatel One Touch Idol 2S
Alcatel;Alcatel One Touch Idol 3
Alcatel;Alcatel One Touch Idol 3 4.7
Alcatel;Alcatel One Touch Idol 3 4.7 Dual SIM
Alcatel;Alcatel One Touch Idol 3 Dual SIM
Alcatel;Alcatel One Touch Idol Alpha
Alcatel;Alcatel One Touch Idol Mini
Alcatel;Alcatel One Touch Idol Mini Dual
Alcatel;Alcatel One Touch Idol S
Alcatel;Alcatel One Touch Idol Ultra
Alcatel;Alcatel One Touch Idol X
Alcatel;Alcatel One Touch Idol X+
Alcatel;Alcatel One Touch Idol X Dual SIM
Alcatel;Alcatel One Touch M'Pop
Alcatel;Alcatel One Touch Pixi
Alcatel;Alcatel One Touch Pixi 3 4003A
Alcatel;Alcatel One Touch Pixi 3 4008A
Alcatel;Alcatel One Touch Pixi 3 4009A
Alcatel;Alcatel One Touch Pixi 3 4009D
Alcatel;Alcatel One Touch Pixi 3 4009E
Alcatel;Alcatel One Touch Pixi 3 4009F
Alcatel;Alcatel One Touch Pixi 3 4009M
Alcatel;Alcatel One Touch Pixi 3 4009X
Alcatel;Alcatel One Touch Pixi 3 4013D
Alcatel;Alcatel One Touch Pixi 3 4013E
Alcatel;Alcatel One Touch Pixi 3 4013J
Alcatel;Alcatel One Touch Pixi 3 4013K
Alcatel;Alcatel One Touch Pixi 3 4013M
Alcatel;Alcatel One Touch Pixi 3 4013X
Alcatel;Alcatel One Touch Pixi 3 4014X
Alcatel;Alcatel One Touch Pixi 3 4022D
Alcatel;Alcatel One Touch Pixi 3 4022X
Alcatel;Alcatel One Touch Pixi 3 4023A
Alcatel;Alcatel One Touch Pixi 3 4023D
Alcatel;Alcatel One Touch Pixi 3 4023X
Alcatel;Alcatel One Touch Pixi 3 4050A
Alcatel;Alcatel One Touch Pixi 3 4050D
Alcatel;Alcatel One Touch Pixi 3 4050J
Alcatel;Alcatel One Touch Pixi 3 4050X
Alcatel;Alcatel One Touch Pixi 7
Alcatel;Alcatel One Touch Pixi First
Alcatel;Alcatel One Touch Pop 2 4.5
Alcatel;Alcatel One Touch Pop 2 4.5 Dual SIM
Alcatel;Alcatel One Touch Pop 3 5
Alcatel;Alcatel One Touch Pop 3 5 Dual SIM
Alcatel;Alcatel One Touch Pop 7S
Alcatel;Alcatel One Touch Pop Astro
Alcatel;Alcatel One Touch Pop C1
Alcatel;Alcatel One Touch Pop C1 Dual
Alcatel;Alcatel One Touch Pop C2
Alcatel;Alcatel One Touch Pop C2 Dual SIM
Alcatel;Alcatel One Touch Pop C3
Alcatel;Alcatel One Touch Pop C5
Alcatel;Alcatel One Touch Pop C7
Alcatel;Alcatel One Touch Pop C7 Dual
Alcatel;Alcatel One Touch Pop C9
Alcatel;Alcatel One Touch Pop D1
Alcatel;Alcatel One Touch Pop D3
Alcatel;Alcatel One Touch Pop D5
Alcatel;Alcatel One Touch Pop Icon
Alcatel;Alcatel One Touch Pop S3
Alcatel;Alcatel One Touch Pop S7
Alcatel;Alcatel One Touch Pop S9
Alcatel;Alcatel One Touch Pop Star 3G
Alcatel;Alcatel One Touch Pop Star 4G
Alcatel;Alcatel One Touch Pop Up
Alcatel;Alcatel One Touch S'Pop
Alcatel;Alcatel One Touch S'Pop Dual
Alcatel;Alcatel One Touch S'Pop Hello Kitty
Alcatel;Alcatel One Touch Scribe HD
Alcatel;Alcatel One Touch Snap
Alcatel;Alcatel One Touch Snap 7025D
Alcatel;Alcatel One Touch Snap LTE
Alcatel;Alcatel One Touch Star
Alcatel;Alcatel One Touch Star 6010D
Alcatel;Alcatel One Touch T'Pop
Alcatel;Alcatel One Touch View
Alcatel;Alcatel One Touch X'Pop
Alcatel;Alcatel Orange Rise 30
Alcatel;Alcatel Orange Roya
Alcatel;Alcatel OT-838
Alcatel;Alcatel OT-903D
Alcatel;Alcatel OT-C507
Alcatel;Alcatel OT-C550
Alcatel;Alcatel OT-C551
Alcatel;Alcatel OT-C552
Alcatel;Alcatel OT-C555
Alcatel;Alcatel OT-C560
Alcatel;Alcatel OT-C630
Alcatel;Alcatel OT-C635
Alcatel;Alcatel OT-C651
Alcatel;Alcatel OT-C652
Alcatel;Alcatel OT-C656
Alcatel;Alcatel OT-C701
Alcatel;Alcatel OT-C707
Alcatel;Alcatel OT-C717
Alcatel;Alcatel OT-C750
Alcatel;Alcatel OT-C825
Alcatel;Alcatel OT-C850
Alcatel;Alcatel OT-E100
Alcatel;Alcatel OT-E101
Alcatel;Alcatel OT-E105
Alcatel;Alcatel OT-E157
Alcatel;Alcatel OT-E158
Alcatel;Alcatel OT-E159
Alcatel;Alcatel OT-E201
Alcatel;Alcatel OT-E205
Alcatel;Alcatel OT-E206A
Alcatel;Alcatel OT-E207
Alcatel;Alcatel OT-E220
Alcatel;Alcatel OT-E221
Alcatel;Alcatel OT-E225
Alcatel;Alcatel OT-E227
Alcatel;Alcatel OT-E230
Alcatel;Alcatel OT-E252
Alcatel;Alcatel OT-E256
Alcatel;Alcatel OT-E257
Alcatel;Alcatel OT-E259
Alcatel;Alcatel OT-E265
Alcatel;Alcatel OT-E801
Alcatel;Alcatel OT-E805
Alcatel;Alcatel OT-S107
Alcatel;Alcatel OT-S120
Alcatel;Alcatel OT-S121A
Alcatel;Alcatel OT-S210
Alcatel;Alcatel OT-S211
Alcatel;Alcatel OT-S215A
Alcatel;Alcatel OT-S218
Alcatel;Alcatel OT-S319
Alcatel;Alcatel OT-S320
Alcatel;Alcatel OT-S321A
Alcatel;Alcatel OT-S520
Alcatel;Alcatel OT-S521A
Alcatel;Alcatel OT-S621
Alcatel;Alcatel OT-S850
Alcatel;Alcatel OT-S853
Alcatel;Alcatel OT-S920
Alcatel;Alcatel OT-S988w
Alcatel;Alcatel OT-T10
Alcatel;Alcatel OT-T70
Alcatel;Alcatel OT-T520
Alcatel;Alcatel OT-V212
Alcatel;Alcatel OT-V270
Alcatel;Alcatel OT-V570
Alcatel;Alcatel OT-V670
Alcatel;Alcatel OT-V770
Alcatel;Alcatel OT 102
Alcatel;Alcatel OT 103
Alcatel;Alcatel OT 105
Alcatel;Alcatel OT 106
Alcatel;Alcatel OT 108
Alcatel;Alcatel OT 109
Alcatel;Alcatel OT 111
Alcatel;Alcatel OT 112
Alcatel;Alcatel OT 113
Alcatel;Alcatel OT 117
Alcatel;Alcatel OT 153
Alcatel;Alcatel OT 155
Alcatel;Alcatel OT 156
Alcatel;Alcatel OT 202
Alcatel;Alcatel OT 203
Alcatel;Alcatel OT 203E
Alcatel;Alcatel OT 206
Alcatel;Alcatel OT 208
Alcatel;Alcatel OT 209
Alcatel;Alcatel OT 213
Alcatel;Alcatel OT 216
Alcatel;Alcatel OT 217
Alcatel;Alcatel OT 222
Alcatel;Alcatel OT 223
Alcatel;Alcatel OT 228
Alcatel;Alcatel OT 230D
Alcatel;Alcatel OT 232
Alcatel;Alcatel OT 255
Alcatel;Alcatel OT 255D
Alcatel;Alcatel OT 280
Alcatel;Alcatel OT 282
Alcatel;Alcatel OT 292
Alcatel;Alcatel OT 300
Alcatel;Alcatel OT 301
Alcatel;Alcatel OT 302
Alcatel;Alcatel OT 303
Alcatel;Alcatel OT 305
Alcatel;Alcatel OT 306
Alcatel;Alcatel OT 308
Alcatel;Alcatel OT 311
Alcatel;Alcatel OT 318D
Alcatel;Alcatel OT 320
Alcatel;Alcatel OT 330
Alcatel;Alcatel OT 331
Alcatel;Alcatel OT 332
Alcatel;Alcatel OT 355
Alcatel;Alcatel OT 355A
Alcatel;Alcatel OT 358
Alcatel;Alcatel OT 360A
Alcatel;Alcatel OT 361
Alcatel;Alcatel OT 363
Alcatel;Alcatel OT 380
Alcatel;Alcatel OT 383
Alcatel;Alcatel OT 385
Alcatel;Alcatel OT 501
Alcatel;Alcatel OT 505
Alcatel;Alcatel OT 506
Alcatel;Alcatel OT 508A
Alcatel;Alcatel OT 511
Alcatel;Alcatel OT 512
Alcatel;Alcatel OT 525
Alcatel;Alcatel OT 526
Alcatel;Alcatel OT 531
Alcatel;Alcatel OT 535
Alcatel;Alcatel OT 536
Alcatel;Alcatel OT 556
Alcatel;Alcatel OT 557
Alcatel;Alcatel OT 565
Alcatel;Alcatel OT 565a
Alcatel;Alcatel OT 585
Alcatel;Alcatel OT 585D
Alcatel;Alcatel OT 595D
Alcatel;Alcatel OT 600
Alcatel;Alcatel OT 602
Alcatel;Alcatel OT 602D
Alcatel;Alcatel OT 606
Alcatel;Alcatel OT 660
Alcatel;Alcatel OT 665
Alcatel;Alcatel OT 668
Alcatel;Alcatel OT 690
Alcatel;Alcatel OT 700
Alcatel;Alcatel OT 701
Alcatel;Alcatel OT 706
Alcatel;Alcatel OT 707
Alcatel;Alcatel OT 708
Alcatel;Alcatel OT 710
Alcatel;Alcatel OT 710D
Alcatel;Alcatel OT 715
Alcatel;Alcatel OT 720 Tribe
Alcatel;Alcatel OT 720D
Alcatel;Alcatel OT 735
Alcatel;Alcatel OT 735i
Alcatel;Alcatel OT 756
Alcatel;Alcatel OT 757
Alcatel;Alcatel OT 767
Alcatel;Alcatel OT 799
Alcatel;Alcatel OT 800
Alcatel;Alcatel OT 802
Alcatel;Alcatel OT 803
Alcatel;Alcatel OT 806
Alcatel;Alcatel OT 807
Alcatel;Alcatel OT 808
Alcatel;Alcatel OT 810
Alcatel;Alcatel OT 813
Alcatel;Alcatel OT 813D
Alcatel;Alcatel OT 815D
Alcatel;Alcatel OT 818
Alcatel;Alcatel OT 818D
Alcatel;Alcatel OT 819
Alcatel;Alcatel OT 828
Alcatel;Alcatel OT 835
Alcatel;Alcatel OT 870
Alcatel;Alcatel OT 880
Alcatel;Alcatel OT 888
Alcatel;Alcatel OT 890
Alcatel;Alcatel OT 891 Soul
Alcatel;Alcatel OT 900
Alcatel;Alcatel OT 902
Alcatel;Alcatel OT 905
Alcatel;Alcatel OT 906
Alcatel;Alcatel OT 907D
Alcatel;Alcatel OT 907N
Alcatel;Alcatel OT 908
Alcatel;Alcatel OT 909
Alcatel;Alcatel OT 910
Alcatel;Alcatel OT 915
Alcatel;Alcatel OT 916
Alcatel;Alcatel OT 916D
Alcatel;Alcatel OT 918
Alcatel;Alcatel OT 918 Hello Kitty
Alcatel;Alcatel OT 918D
Alcatel;Alcatel OT 922
Alcatel;Alcatel OT 978
Alcatel;Alcatel OT 980
Alcatel;Alcatel OT 983
Alcatel;Alcatel OT 985
Alcatel;Alcatel OT 985D
Alcatel;Alcatel OT 986
Alcatel;Alcatel OT 990
Alcatel;Alcatel OT 991 Play
Alcatel;Alcatel OT 991 Smart
Alcatel;Alcatel OT 991D Smart
Alcatel;Alcatel OT 992D
Alcatel;Alcatel OT 993
Alcatel;Alcatel OT 993D
Alcatel;Alcatel OT 995
Alcatel;Alcatel OT 997
Alcatel;Alcatel OT 997D
Alcatel;Alcatel OT 4010D
Alcatel;Alcatel OT 5020D
Alcatel;Alcatel OT 5035D
Alcatel;Alcatel OT 6030D
Alcatel;Alcatel OT EVO7
Alcatel;Alcatel OT Pocket
Alcatel;Alcatel OT Pro
Alcatel;Alcatel OT Sport
Alcatel;Alcatel OT View db @
Alcatel;Alcatel Sparq
Alcatel;Alcatel T-Mobile Move
Alcatel;Alcatel V607A
Alcatel;Alcatel Venture
Alcatel;Alcatel Vodafone 354
Alcatel;Alcatel Vodafone 355
Alcatel;Alcatel Vodafone 555
Alcatel;Alcatel Vodafone Smart II
Alcatel;Alcatel Vodafone Smart III
Alcatel;Alcatel Vodafone Smart mini
Alcatel;Alcatel XG1
Huawei;Huawei 4Afrika
Huawei;Huawei A199
Huawei;Huawei Activa
Huawei;Huawei Ascend
Huawei;Huawei Ascend D1
Huawei;Huawei Ascend D1 Quad XL
Huawei;Huawei Ascend D2
Huawei;Huawei Ascend D Quad
Huawei;Huawei Ascend D Quad XL
Huawei;Huawei Ascend G6
Huawei;Huawei Ascend G6 LTE
Huawei;Huawei Ascend G7
Huawei;Huawei Ascend G300
Huawei;Huawei Ascend G330
Huawei;Huawei Ascend G510
Huawei;Huawei Ascend G520
Huawei;Huawei Ascend G525
Huawei;Huawei Ascend G526
Huawei;Huawei Ascend G600
Huawei;Huawei Ascend G610
Huawei;Huawei Ascend G615
Huawei;Huawei Ascend G620
Huawei;Huawei Ascend G620S
Huawei;Huawei Ascend G628
Huawei;Huawei Ascend G630
Huawei;Huawei Ascend G700
Huawei;Huawei Ascend G730 Dual SIM
Huawei;Huawei Ascend G740
Huawei;Huawei Ascend GX1
Huawei;Huawei Ascend II
Huawei;Huawei Ascend Mate
Huawei;Huawei Ascend Mate 2
Huawei;Huawei Ascend Mate 7
Huawei;Huawei Ascend Mate 7 Monarch
Huawei;Huawei Ascend P1
Huawei;Huawei Ascend P1 LTE
Huawei;Huawei Ascend P1 S
Huawei;Huawei Ascend P1 XL
Huawei;Huawei Ascend P2
Huawei;Huawei Ascend P6
Huawei;Huawei Ascend P6S
Huawei;Huawei Ascend P7
Huawei;Huawei Ascend P7 mini
Huawei;Huawei Ascend P7 Sapphire
Huawei;Huawei Ascend W2
Huawei;Huawei Ascend Y100
Huawei;Huawei Ascend Y200
Huawei;Huawei Ascend Y201 Pro
Huawei;Huawei Ascend Y210
Huawei;Huawei Ascend Y220
Huawei;Huawei Ascend Y221
Huawei;Huawei Ascend Y300
Huawei;Huawei Ascend Y300 Dual SIM
Huawei;Huawei Ascend Y320
Huawei;Huawei Ascend Y330
Huawei;Huawei Ascend Y511
Huawei;Huawei Ascend Y520
Huawei;Huawei Ascend Y520 Dual SIM
Huawei;Huawei Ascend Y530
Huawei;Huawei Ascend Y540
Huawei;Huawei Ascend Y550
Huawei;Huawei Ascend Y600 Dual SIM
Huawei;Huawei B199
Huawei;Huawei C199S
Huawei;Huawei C8600
Huawei;Huawei C8650
Huawei;Huawei C8817E
Huawei;Huawei Discovery Expedition D51
Huawei;Huawei EMOBILE H11HW
Huawei;Huawei EMOBILE H11LC
Huawei;Huawei EMOBILE H12HW
Huawei;Huawei EMOBILE S31HW
Huawei;Huawei EMOBILE S41HW
Huawei;Huawei EMOBILE S42HW
Huawei;Huawei Enjoy 5
Huawei;Huawei Enjoy 5S
Huawei;Huawei G7 Plus
Huawei;Huawei G8
Huawei;Huawei G2200
Huawei;Huawei G5000
Huawei;Huawei G5500
Huawei;Huawei G5510
Huawei;Huawei G5520
Huawei;Huawei G5520 Dual
Huawei;Huawei G6150
Huawei;Huawei G6600
Huawei;Huawei G6603
Huawei;Huawei G6605
Huawei;Huawei G6608
Huawei;Huawei G6609
Huawei;Huawei G6620
Huawei;Huawei G7002
Huawei;Huawei G7005
Huawei;Huawei G7007
Huawei;Huawei G7010
Huawei;Huawei G7050
Huawei;Huawei G7206
Huawei;Huawei G7210
Huawei;Huawei G7300
Huawei;Huawei G Play Mini
Huawei;Huawei Honor
Huawei;Huawei Honor 2
Huawei;Huawei Honor 3
Huawei;Huawei Honor 3C
Huawei;Huawei Honor 3C Dual SIM
Huawei;Huawei Honor 3C LTE
Huawei;Huawei Honor 3C Play Edition
Huawei;Huawei Honor 3C TD-LTE
Huawei;Huawei Honor 3X
Huawei;Huawei Honor 3X Pro
Huawei;Huawei Honor 4 Play
Huawei;Huawei Honor 4X
Huawei;Huawei Honor 6
Huawei;Huawei Honor 6 Pro
Huawei;Huawei Honor Holly
Huawei;Huawei HW-01G
Huawei;Huawei Ideos S7 Slim
Huawei;Huawei Ideos S7-103
Huawei;Huawei Ideos S7-104
Huawei;Huawei Ideos S7-105
Huawei;Huawei Ideos X1
Huawei;Huawei Ideos X3
Huawei;Huawei Ideos X5
Huawei;Huawei Ideos X5 Pro
Huawei;Huawei Ideos X6
Huawei;Huawei Impulse 4G
Huawei;Huawei Kestrel
Huawei;Huawei M228
Huawei;Huawei M735
Huawei;Huawei M835
Huawei;Huawei Maimang 4
Huawei;Huawei Mate 8
Huawei;Huawei Mate S
Huawei;Huawei Mate S Premium Edition
Huawei;Huawei MediaPad
Huawei;Huawei MediaPad 7 Lite
Huawei;Huawei MediaPad 7 Vogue
Huawei;Huawei MediaPad 10 Link
Huawei;Huawei MediaPad M1 8.0
Huawei;Huawei MediaPad M2 8.0
Huawei;Huawei MediaPad S7-301w
Huawei;Huawei MediaPad T1 8.0
Huawei;Huawei MediaPad T1 8.0 LTE
Huawei;Huawei MediaPad X1 7.0
Huawei;Huawei MediaPad X2
Huawei;Huawei Mercury
Huawei;Huawei Nexus 6P
Huawei;Huawei Orange Barcelona
Huawei;Huawei Orange Gova
Huawei;Huawei P8
Huawei;Huawei P8 Dual SIM
Huawei;Huawei P8 Lite
Huawei;Huawei P8 Max
Huawei;Huawei P8 Premium Dual SIM
Huawei;Huawei Premia
Huawei;Huawei RBM2
Huawei;Huawei ShotX
Huawei;Huawei SnapTo
Huawei;Huawei Sonic
Huawei;Huawei T-Mobile Move Balance
Huawei;Huawei T-Mobile Pulse
Huawei;Huawei T300
Huawei;Huawei U120
Huawei;Huawei U121
Huawei;Huawei U526
Huawei;Huawei U528
Huawei;Huawei U550
Huawei;Huawei U626
Huawei;Huawei U636
Huawei;Huawei U1215
Huawei;Huawei U1250
Huawei;Huawei U1280
Huawei;Huawei U2800
Huawei;Huawei U3100
Huawei;Huawei U3200
Huawei;Huawei U3300
Huawei;Huawei U5510
Huawei;Huawei U5707
Huawei;Huawei U6150
Huawei;Huawei U7310
Huawei;Huawei U7510 Andy
Huawei;Huawei U7520
Huawei;Huawei U8100
Huawei;Huawei U8110
Huawei;Huawei U8120
Huawei;Huawei U8150 Ideos
Huawei;Huawei U8230
Huawei;Huawei U8300
Huawei;Huawei U8350 Boulder
Huawei;Huawei U8500
Huawei;Huawei U8520
Huawei;Huawei U8652 Fusion
Huawei;Huawei U8820
Huawei;Huawei Union
Huawei;Huawei Vision
Huawei;Huawei Vodafone 810
Huawei;Huawei Vodafone 858
Huawei;Huawei W1
Huawei;Huawei Y3
Huawei;Huawei Y5
Huawei;Huawei Y6
Huawei;Huawei Y625
Huawei;Huawei Y625 Dual SIM
Huawei;Huawei Y635
apple;Apple iPad 2 3G 16 GB
apple;Apple iPad 2 3G 32 GB
apple;Apple iPad 2 3G 64 GB
apple;Apple iPad 2 Wi-Fi 16 GB
apple;Apple iPad 2 Wi-Fi 32 GB
apple;Apple iPad 2 Wi-Fi 64 GB
apple;Apple iPad 3 16 GB
apple;Apple iPad 3 32 GB
apple;Apple iPad 3 64 GB
apple;Apple iPad 3 WiFi
apple;Apple iPad 3G 16 GB
apple;Apple iPad 3G 32 GB
apple;Apple iPad 3G 64 GB
apple;Apple iPad 4 16 GB
apple;Apple iPad 4 32 GB
apple;Apple iPad 4 64 GB
apple;Apple iPad 4 128 GB
apple;Apple iPad 4 Wi-Fi 16 GB
apple;Apple iPad 4 Wi-Fi 32 GB
apple;Apple iPad 4 Wi-Fi 64 GB
apple;Apple iPad 4 Wi-Fi 128 GB
apple;Apple iPad Air
apple;Apple iPad Air 2
apple;Apple iPad Air 2 WiFi
apple;Apple iPad Air 32GB
apple;Apple iPad Air 64GB
apple;Apple iPad Air 128GB
apple;Apple iPad Air Wi-Fi
apple;Apple iPad Air Wi-Fi 32GB
apple;Apple iPad Air Wi-Fi 64GB
apple;Apple iPad Air Wi-Fi 128GB
apple;Apple iPad mini 2
apple;Apple iPad mini 2 32GB
apple;Apple iPad mini 2 64GB
apple;Apple iPad mini 2 128GB
apple;Apple iPad mini 2 Wi-Fi
apple;Apple iPad mini 2 Wi-Fi 32GB
apple;Apple iPad mini 2 Wi-Fi 64GB
apple;Apple iPad mini 2 Wi-Fi 128GB
apple;Apple iPad mini 3
apple;Apple iPad mini 3 64GB
apple;Apple iPad mini 3 WiFi
apple;Apple iPad mini 4
apple;Apple iPad mini 4 WiFi
apple;Apple iPad mini 16 GB
apple;Apple iPad mini 32 GB
apple;Apple iPad mini 64 GB
apple;Apple iPad mini Wi-Fi 16 GB
apple;Apple iPad mini Wi-Fi 32 GB
apple;Apple iPad mini Wi-Fi 64 GB
apple;Apple iPad Pro
apple;Apple iPad Pro WiFi
apple;Apple iPad Wi-Fi 16 GB
apple;Apple iPad Wi-Fi 32 GB
apple;Apple iPad Wi-Fi 64 GB
apple;Apple iPhone
apple;Apple iPhone 3G 8GB
apple;Apple iPhone 3G 16GB
apple;Apple iPhone 3G S 8GB
apple;Apple iPhone 3G S 16GB
apple;Apple iPhone 3G S 32GB
apple;Apple iPhone 4 8GB
apple;Apple iPhone 4 16GB
apple;Apple iPhone 4 32GB
apple;Apple iPhone 4S 8GB
apple;Apple iPhone 4S 16GB
apple;Apple iPhone 4S 32GB
apple;Apple iPhone 4S 64GB
apple;Apple iPhone 5
apple;Apple iPhone 5 16GB
apple;Apple iPhone 5 64GB
apple;Apple iPhone 5c 8GB
apple;Apple iPhone 5c 16GB
apple;Apple iPhone 5c 32GB
apple;Apple iPhone 5s 16GB
apple;Apple iPhone 5s 32GB
apple;Apple iPhone 5s 64GB
apple;Apple iPhone 6
apple;Apple iPhone 6 64GB
apple;Apple iPhone 6 128GB
apple;Apple iPhone 6 Plus
apple;Apple iPhone 6 Plus 64GB
apple;Apple iPhone 6 Plus 128GB
apple;Apple iPhone 6s
apple;Apple iPhone 6s 64 GB
apple;Apple iPhone 6s 128 GB
apple;Apple iPhone 6s Plus
apple;Apple iPhone 6s Plus 64 GB
apple;Apple iPhone 6s Plus 128 GB
